Date,Time,SpotPrice,Expiry,StraddleValue,ATM,ATM-500 IV,ATM-450 IV,ATM-400 IV,ATM-350 IV,ATM-300 IV,ATM-250 IV,ATM-200 IV,ATM-150 IV,ATM-100 IV,ATM-50 IV,ATM IV,ATM+50 IV,ATM+100 IV,ATM+150 IV,ATM+200 IV,ATM+250 IV,ATM+300 IV,ATM+350 IV,ATM+400 IV,ATM+450 IV,ATM+500 IV,
24-08-2022,09:15:00,17581.15,25-08-2022,160.95,17600,26.43,25.14,24.05,22.89,22.18,21.37,20.68,20.09,19.82,19.46,19.43,19.33,19.49,19.53,19.89,20.43,21.17,21.99,23.3,24.27,25.62,
24-08-2022,09:16:00,17590.05,25-08-2022,167.85,17600,27.64,26.45,25.34,24.24,23.53,22.71,22.04,21.38,20.96,20.48,20.35,19.96,19.96,19.98,20.23,20.65,21.2,22.03,23.15,24.01,25.16,
24-08-2022,09:17:00,17582.3,25-08-2022,164.3,17600,27.5,26.3,25.26,24.11,23.33,22.49,21.75,21.08,20.6,20.16,19.87,19.68,19.67,19.54,19.76,20.11,20.89,21.73,23.07,24.15,25.42,
24-08-2022,09:18:00,17581.35,25-08-2022,162.64999999999998,17600,27.56,26.39,25.3,24.26,23.43,22.55,21.76,21.01,20.45,20.07,19.7,19.43,19.37,19.41,19.65,20.15,20.74,21.64,23.01,24.06,25.27,
24-08-2022,09:19:00,17575.3,25-08-2022,163.35000000000002,17600,27.69,26.46,25.42,24.38,23.51,22.64,21.87,21.04,20.55,20.09,19.73,19.53,19.44,19.59,19.82,20.42,21.01,21.9,23.33,24.48,25.77,
24-08-2022,09:20:00,17567,25-08-2022,163.6,17550,28.9,27.49,26.11,24.98,23.97,23.09,22.17,21.38,20.62,20.06,19.71,19.37,19.19,19.14,19.18,19.56,20.15,20.85,21.77,23.22,24.54,
24-08-2022,09:21:00,17564.8,25-08-2022,163.15,17550,28.55,27.18,25.89,24.91,23.89,23.13,22.18,21.41,20.71,20.19,19.77,19.45,19.25,19.16,19.42,19.79,20.38,21.11,22.12,23.65,24.88,
24-08-2022,09:22:00,17573.45,25-08-2022,162.3,17550,28.5,27.08,25.73,24.73,23.73,22.9,22,21.21,20.49,19.99,19.61,19.32,19.15,19.01,19.09,19.48,20.07,20.83,21.81,23.39,24.64,
24-08-2022,09:23:00,17595.65,25-08-2022,159.85000000000002,17600,27.64,26.3,25.29,24.2,23.38,22.4,21.5,20.77,20.21,19.8,19.42,19.13,18.97,18.98,19.23,19.7,20.29,21.22,22.65,23.85,25.25,
24-08-2022,09:24:00,17602.15,25-08-2022,160.05,17600,28.13,26.79,25.74,24.7,23.74,22.8,21.93,21.05,20.48,19.9,19.44,19.23,19.03,18.86,19.06,19.47,20.08,20.96,22.33,23.56,24.99,
24-08-2022,09:25:00,17595,25-08-2022,161,17600,27.78,26.45,25.51,24.48,23.67,22.68,21.84,21.04,20.48,19.96,19.56,19.29,19.01,19.04,19.24,19.71,20.29,21.26,22.67,23.91,25.29,
24-08-2022,09:26:00,17592,25-08-2022,161.39999999999998,17600,27.69,26.39,25.42,24.4,23.54,22.6,21.77,21.02,20.46,20.01,19.6,19.36,19.08,19.01,19.25,19.8,20.36,21.29,22.77,24,25.37,
24-08-2022,09:27:00,17589.85,25-08-2022,161.8,17600,27.75,26.33,25.36,24.33,23.49,22.56,21.75,21.03,20.47,20.02,19.65,19.47,19.18,19.18,19.43,19.91,20.51,21.46,22.79,24,25.51,
24-08-2022,09:28:00,17579.75,25-08-2022,161.8,17600,27.73,26.28,25.18,24.05,23.24,22.3,21.62,20.83,20.45,19.97,19.62,19.46,19.28,19.21,19.55,20.08,20.75,21.71,23.04,24.24,25.67,
24-08-2022,09:29:00,17574.25,25-08-2022,164.75,17550,28.87,27.5,26.13,25.03,24.04,23.2,22.29,21.51,20.8,20.35,19.95,19.68,19.43,19.35,19.43,19.79,20.35,21.06,22,23.39,24.63,
24-08-2022,09:30:00,17566,25-08-2022,162.3,17550,28.53,27.03,25.7,24.61,23.58,22.76,21.87,21.17,20.53,20.1,19.75,19.49,19.34,19.21,19.34,19.75,20.38,21.15,22.15,23.64,24.89,
24-08-2022,09:31:00,17567.1,25-08-2022,161.35,17550,28.63,27.14,25.77,24.69,23.67,22.85,21.93,21.15,20.48,19.94,19.62,19.37,19.25,19.11,19.22,19.68,20.27,21.08,22.11,23.49,24.74,
24-08-2022,09:32:00,17545.8,25-08-2022,158.45,17550,27.84,26.38,25.09,24.06,23.09,22.34,21.44,20.69,20.13,19.66,19.35,19.21,19.16,19.2,19.37,19.97,20.75,21.69,22.83,24.3,25.55,
24-08-2022,09:33:00,17539.5,25-08-2022,166.05,17550,28.05,26.64,25.43,24.36,23.49,22.75,21.96,21.28,20.79,20.46,20.26,20.09,20.01,20.02,20.16,20.72,21.46,22.29,23.36,24.84,26.04,
24-08-2022,09:34:00,17528.8,25-08-2022,164.65,17550,27.64,26.27,25.02,24.03,23.19,22.43,21.64,21.03,20.59,20.23,19.98,19.92,19.86,19.91,20.21,20.85,21.55,22.52,23.79,25.35,26.66,
24-08-2022,09:35:00,17536.35,25-08-2022,164.05,17550,27.59,26.21,24.94,24.01,23.14,22.4,21.64,21.04,20.58,20.22,19.99,19.91,19.82,19.9,20.14,20.75,21.45,22.35,23.63,25.12,26.53,
24-08-2022,09:36:00,17539.1,25-08-2022,163,17550,27.56,26.06,24.86,23.85,23.03,22.29,21.48,20.9,20.33,20.05,19.89,19.74,19.69,19.72,20.03,20.57,21.3,22.18,23.4,24.94,26.27,
24-08-2022,09:37:00,17542.35,25-08-2022,164.25,17550,27.55,26.21,24.97,24,23.1,22.36,21.57,21.06,20.47,20.23,20.05,19.94,19.76,19.84,20.14,20.64,21.36,22.32,23.52,25.13,26.5,
24-08-2022,09:38:00,17533.9,25-08-2022,165.2,17550,27.43,26.08,24.89,23.96,23.11,22.41,21.65,21.08,20.52,20.3,20.11,20.06,19.89,20.01,20.25,20.9,21.67,22.58,23.95,25.55,26.99,
24-08-2022,09:39:00,17511.5,25-08-2022,172.95,17500,28.97,27.59,26.25,25.13,24.3,23.6,22.97,22.35,21.86,21.44,21.22,21.04,20.91,20.71,20.81,21.11,21.74,22.57,23.52,24.85,26.46,
24-08-2022,09:40:00,17505.1,25-08-2022,174.14999999999998,17500,28.61,27.09,25.84,24.84,24.08,23.43,22.92,22.38,21.87,21.64,21.37,21.18,21.02,20.86,21.05,21.35,21.96,22.69,23.63,24.83,26.38,
24-08-2022,09:41:00,17511.25,25-08-2022,172.60000000000002,17500,28.71,27.1,25.76,24.78,24.02,23.43,22.89,22.27,21.8,21.38,21.17,21.02,20.83,20.65,20.81,21.15,21.79,22.53,23.52,24.9,26.36,
24-08-2022,09:42:00,17520,25-08-2022,173.3,17500,28.39,26.9,25.71,24.68,24.05,23.42,22.92,22.35,21.89,21.5,21.25,20.95,20.73,20.6,20.71,21.06,21.69,22.43,23.32,24.7,26.28,
24-08-2022,09:43:00,17526.2,25-08-2022,171.3,17550,27.03,25.8,24.77,23.99,23.35,22.75,22.18,21.73,21.37,21.05,20.79,20.55,20.35,20.49,20.87,21.46,22.17,23.15,24.42,25.96,27.39,
24-08-2022,09:44:00,17519,25-08-2022,171.2,17500,28.5,26.99,25.72,24.77,24.01,23.36,22.82,22.23,21.78,21.35,21.01,20.81,20.56,20.5,20.6,21.01,21.64,22.44,23.47,24.8,26.5,
24-08-2022,09:45:00,17513.95,25-08-2022,174.5,17500,28.48,26.94,25.78,24.81,24.08,23.54,22.97,22.44,22.05,21.66,21.44,21.15,20.98,20.8,20.96,21.29,21.98,22.65,23.69,25.07,26.66,
24-08-2022,09:46:00,17527.35,25-08-2022,170,17550,26.97,25.64,24.65,23.88,23.28,22.66,22.07,21.7,21.27,21.01,20.73,20.48,20.34,20.47,20.79,21.35,22.06,23,24.22,25.85,27.18,
24-08-2022,09:47:00,17541.45,25-08-2022,167.7,17550,27.14,25.87,24.74,23.92,23.3,22.72,22.13,21.59,21.06,20.82,20.53,20.35,20.1,20.25,20.53,21.06,21.77,22.69,23.86,25.39,26.86,
24-08-2022,09:48:00,17535.6,25-08-2022,166.25,17550,26.92,25.62,24.54,23.77,23.1,22.52,21.83,21.34,20.88,20.57,20.3,20.07,19.91,20.09,20.44,21.07,21.75,22.77,24.02,25.64,27.02,
24-08-2022,09:49:00,17532.1,25-08-2022,168.10000000000002,17550,26.95,25.75,24.66,23.84,23.24,22.6,21.93,21.43,21.01,20.77,20.54,20.34,20.18,20.31,20.65,21.28,22,22.96,24.16,25.68,27.14,
24-08-2022,09:50:00,17537.15,25-08-2022,168.10000000000002,17550,27.19,25.88,24.83,24.04,23.32,22.68,22.06,21.58,21.22,20.83,20.57,20.36,20.17,20.33,20.62,21.14,21.84,22.76,23.99,25.52,26.9,
24-08-2022,09:51:00,17545.45,25-08-2022,166.65,17550,27.3,25.99,24.85,24,23.32,22.73,22.11,21.53,21.07,20.75,20.44,20.22,20.02,20.09,20.39,20.92,21.54,22.44,23.65,25.12,26.44,
24-08-2022,09:52:00,17533.9,25-08-2022,169.05,17550,27.14,25.92,24.91,24.11,23.47,22.83,22.2,21.65,21.27,20.91,20.63,20.41,20.28,20.39,20.59,21.23,21.92,22.88,24.16,25.64,26.99,
24-08-2022,09:53:00,17524.55,25-08-2022,171.15,17500,28.59,27.04,25.79,24.74,23.88,23.29,22.67,22.1,21.66,21.32,20.98,20.77,20.54,20.4,20.6,20.86,21.49,22.18,23.08,24.39,25.87,
24-08-2022,09:54:00,17526.35,25-08-2022,168.95,17550,27.08,25.76,24.76,23.94,23.37,22.75,22.13,21.69,21.34,20.94,20.62,20.35,20.22,20.34,20.62,21.23,21.94,22.93,24.19,25.73,27.22,
24-08-2022,09:55:00,17519,25-08-2022,170.75,17500,28.35,26.68,25.59,24.57,23.83,23.13,22.76,22.12,21.7,21.28,20.98,20.68,20.49,20.31,20.47,20.79,21.5,22.21,23.17,24.5,26.02,
24-08-2022,09:56:00,17517.75,25-08-2022,170.05,17500,28.42,26.75,25.56,24.58,23.78,23.17,22.6,22.07,21.6,21.25,20.9,20.59,20.43,20.16,20.36,20.73,21.41,22.14,23.18,24.45,26.02,
24-08-2022,09:57:00,17524,25-08-2022,168.35,17500,28.38,26.76,25.48,24.49,23.62,23.02,22.45,21.89,21.37,21.03,20.63,20.42,20.22,20.01,20.22,20.56,21.26,21.99,23.01,24.22,25.93,
24-08-2022,09:58:00,17531.85,25-08-2022,166.14999999999998,17550,27.14,25.8,24.7,23.89,23.26,22.63,22.02,21.5,21,20.69,20.37,20.14,19.87,20.02,20.34,21.02,21.71,22.72,23.99,25.62,26.95,
24-08-2022,09:59:00,17536.3,25-08-2022,167.2,17550,27.12,25.87,24.75,23.92,23.25,22.67,22.05,21.53,21.13,20.76,20.5,20.21,19.99,20.1,20.38,21.01,21.71,22.63,23.92,25.54,26.85,
24-08-2022,10:00:00,17537.15,25-08-2022,166.45,17550,27.07,25.76,24.67,23.85,23.18,22.57,21.96,21.48,21,20.63,20.39,20.08,19.9,20.07,20.36,21.03,21.75,22.72,24.05,25.55,27.04,
24-08-2022,10:01:00,17533.65,25-08-2022,166.7,17550,26.96,25.77,24.64,23.95,23.24,22.62,22.03,21.49,21.14,20.74,20.43,20.17,19.92,20.07,20.32,21.01,21.72,22.72,24,25.61,27.05,
24-08-2022,10:02:00,17546.55,25-08-2022,164.95,17550,27.48,26.12,24.95,24.12,23.36,22.77,22.05,21.49,20.97,20.61,20.3,19.99,19.76,19.88,20.19,20.73,21.4,22.32,23.57,25.16,26.57,
24-08-2022,10:03:00,17558.7,25-08-2022,162.25,17550,27.5,26.12,24.95,24.06,23.22,22.58,21.84,21.2,20.68,20.32,19.97,19.71,19.42,19.56,19.77,20.28,20.88,21.75,23,24.54,25.79,
24-08-2022,10:04:00,17563.65,25-08-2022,163.4,17550,27.9,26.52,25.31,24.4,23.54,22.81,22.04,21.42,20.88,20.39,20.07,19.74,19.55,19.52,19.71,20.2,20.76,21.58,22.75,24.26,25.61,
24-08-2022,10:05:00,17560.05,25-08-2022,164.1,17550,27.88,26.65,25.49,24.56,23.75,23.02,22.23,21.57,20.99,20.54,20.18,19.87,19.5,19.43,19.66,20.08,20.67,21.54,22.72,24.32,25.58,
24-08-2022,10:06:00,17554.9,25-08-2022,162.75,17550,27.68,26.42,25.26,24.39,23.59,22.89,22.15,21.44,20.92,20.42,20.06,19.75,19.45,19.48,19.71,20.17,20.84,21.7,22.94,24.56,25.85,
24-08-2022,10:07:00,17554.95,25-08-2022,163.5,17550,27.72,26.35,25.26,24.33,23.52,22.8,22.02,21.45,20.88,20.45,20.15,19.81,19.49,19.54,19.79,20.26,20.87,21.75,22.91,24.47,25.83,
24-08-2022,10:08:00,17553.9,25-08-2022,161.85,17550,27.67,26.35,25.25,24.3,23.51,22.75,21.93,21.36,20.81,20.33,19.96,19.66,19.4,19.44,19.71,20.15,20.79,21.7,22.93,24.49,25.83,
24-08-2022,10:09:00,17555.5,25-08-2022,161.3,17550,27.49,26.23,25.16,24.26,23.45,22.74,21.9,21.27,20.76,20.23,19.9,19.63,19.33,19.38,19.64,20.07,20.76,21.68,22.92,24.56,25.89,
24-08-2022,10:10:00,17554.75,25-08-2022,161.45,17550,27.58,26.37,25.23,24.33,23.53,22.82,22.03,21.38,20.8,20.31,19.93,19.7,19.36,19.37,19.66,20.15,20.8,21.71,22.96,24.55,25.88,
24-08-2022,10:11:00,17563.95,25-08-2022,162.15,17550,27.98,26.66,25.52,24.56,23.73,22.99,22.14,21.43,20.78,20.36,19.95,19.64,19.36,19.28,19.49,19.95,20.5,21.33,22.53,24,25.43,
24-08-2022,10:12:00,17567.15,25-08-2022,159.85000000000002,17550,28.2,26.84,25.74,24.81,23.88,23.03,22.06,21.31,20.63,20.07,19.61,19.27,18.97,18.99,19.1,19.57,20.12,21.01,22.19,23.78,25.09,
24-08-2022,10:13:00,17568.25,25-08-2022,160.45,17550,28.19,26.87,25.75,24.87,23.96,23.12,22.18,21.41,20.73,20.11,19.71,19.33,19.07,19.03,19.22,19.67,20.27,21.12,22.38,23.93,25.25,
24-08-2022,10:14:00,17564.8,25-08-2022,159.55,17550,28.21,26.96,25.82,24.9,23.93,23.12,22.11,21.29,20.59,19.98,19.6,19.24,18.98,19,19.18,19.58,20.19,21.06,22.23,23.81,25.11,
24-08-2022,10:15:00,17564.75,25-08-2022,159.5,17550,28.25,26.95,25.78,24.81,23.87,22.99,22.04,21.33,20.62,20.04,19.64,19.32,19.07,19.08,19.23,19.68,20.29,21.19,22.42,23.94,25.29,
24-08-2022,10:16:00,17560.8,25-08-2022,159.1,17550,28.08,26.87,25.74,24.71,23.8,23,22.03,21.25,20.55,20.01,19.64,19.31,19.07,19.11,19.3,19.77,20.41,21.35,22.59,24.2,25.54,
24-08-2022,10:17:00,17563.55,25-08-2022,159.05,17550,28.25,26.95,25.78,24.81,23.92,23.03,22.07,21.28,20.6,20,19.6,19.32,18.98,19.03,19.17,19.71,20.35,21.22,22.45,24.02,25.25,
24-08-2022,10:18:00,17569.3,25-08-2022,159.25,17550,28.36,27.03,25.85,24.83,23.86,23.01,22.04,21.25,20.53,19.98,19.58,19.25,18.92,18.98,19.12,19.64,20.28,21.08,22.25,23.79,25.09,
24-08-2022,10:19:00,17575.65,25-08-2022,155.65,17600,27.24,26.02,24.96,24,23.11,22.1,21.28,20.55,19.96,19.52,19.13,18.84,18.78,18.92,19.35,19.95,20.76,21.95,23.42,24.69,26.36,
24-08-2022,10:20:00,17577.25,25-08-2022,155.9,17600,27.2,26.02,24.97,24,23.11,22.08,21.26,20.53,19.98,19.49,19.14,18.79,18.72,18.83,19.32,19.91,20.73,21.88,23.48,24.86,26.4,
24-08-2022,10:21:00,17581.1,25-08-2022,154.45,17600,27.51,26.16,25.22,24.25,23.27,22.26,21.38,20.66,19.95,19.46,19.03,18.72,18.62,18.7,19.12,19.7,20.48,21.6,23.17,24.45,26.06,
24-08-2022,10:22:00,17588.45,25-08-2022,153.95,17600,27.81,26.55,25.54,24.53,23.5,22.39,21.43,20.57,19.94,19.42,19,18.64,18.57,18.63,19.03,19.61,20.44,21.51,23,24.35,25.9,
24-08-2022,10:23:00,17588.35,25-08-2022,155.89999999999998,17600,27.8,26.55,25.59,24.52,23.53,22.46,21.45,20.67,20.01,19.61,19.25,18.85,18.65,18.69,19.04,19.62,20.36,21.43,23.02,24.25,25.94,
24-08-2022,10:24:00,17592.25,25-08-2022,157.8,17600,28.02,26.79,25.9,24.81,23.85,22.81,21.86,20.99,20.36,19.89,19.5,19.13,18.97,18.92,19.23,19.71,20.38,21.38,22.86,24.19,25.7,
24-08-2022,10:25:00,17596.25,25-08-2022,159.2,17600,28.26,26.93,25.94,24.86,23.87,22.88,21.88,21.11,20.52,20.01,19.68,19.36,19.15,19.02,19.27,19.7,20.32,21.28,22.68,23.96,25.53,
24-08-2022,10:26:00,17594,25-08-2022,160.55,17600,28.26,26.95,25.84,24.78,23.84,22.88,21.98,21.14,20.53,20.14,19.85,19.56,19.25,19.17,19.36,19.85,20.45,21.38,22.77,24.1,25.67,
24-08-2022,10:27:00,17587.2,25-08-2022,160.35000000000002,17600,28.02,26.67,25.63,24.56,23.72,22.75,21.81,21.06,20.44,20.06,19.81,19.54,19.38,19.3,19.55,20.02,20.68,21.65,23.15,24.45,25.92,
24-08-2022,10:28:00,17586.35,25-08-2022,160.5,17600,28.19,26.8,25.83,24.75,23.84,22.92,21.99,21.17,20.57,20.17,19.85,19.58,19.31,19.21,19.45,19.9,20.55,21.53,22.99,24.18,25.65,
24-08-2022,10:29:00,17580.9,25-08-2022,160.55,17600,28.02,26.68,25.63,24.6,23.7,22.74,21.86,21.04,20.44,20.11,19.82,19.56,19.33,19.24,19.53,19.98,20.68,21.72,23.18,24.51,26.03,
24-08-2022,10:30:00,17571.75,25-08-2022,162.65,17550,29.2,27.83,26.54,25.42,24.47,23.57,22.76,21.83,21.02,20.42,20.05,19.72,19.44,19.35,19.3,19.64,20.13,20.85,21.94,23.49,24.75,
24-08-2022,10:31:00,17571.75,25-08-2022,162.5,17550,29.3,27.94,26.63,25.57,24.55,23.64,22.74,21.82,20.99,20.29,19.99,19.68,19.43,19.3,19.22,19.59,20.09,20.8,21.83,23.39,24.6,
24-08-2022,10:32:00,17577.95,25-08-2022,158.95,17600,28.03,26.66,25.6,24.58,23.69,22.75,21.81,20.93,20.3,19.92,19.66,19.39,19.19,19.16,19.42,19.91,20.59,21.55,23.05,24.3,25.89,
24-08-2022,10:33:00,17584.95,25-08-2022,159.7,17600,28.16,26.7,25.63,24.54,23.64,22.66,21.73,20.95,20.35,20.06,19.77,19.55,19.4,19.33,19.56,20.05,20.76,21.71,23.1,24.26,25.94,
24-08-2022,10:34:00,17579.6,25-08-2022,160.6,17600,28.15,26.72,25.52,24.45,23.54,22.52,21.66,20.81,20.35,20.1,19.84,19.58,19.52,19.44,19.81,20.32,21.01,22.04,23.47,24.6,26.12,
24-08-2022,10:35:00,17578.3,25-08-2022,161.4,17600,28.22,26.78,25.76,24.68,23.73,22.77,21.85,21.06,20.44,20.14,19.94,19.58,19.6,19.57,19.86,20.32,21.05,22.04,23.41,24.68,26.2,
24-08-2022,10:36:00,17580.95,25-08-2022,160.7,17600,28.37,26.95,25.81,24.66,23.74,22.8,21.81,20.98,20.45,20.14,19.9,19.69,19.58,19.55,19.83,20.3,20.96,21.92,23.28,24.38,25.97,
24-08-2022,10:37:00,17581.1,25-08-2022,160.64999999999998,17600,28.21,26.82,25.7,24.61,23.68,22.66,21.75,20.91,20.4,20.11,19.9,19.66,19.62,19.57,19.89,20.36,21.04,22.02,23.34,24.45,25.98,
24-08-2022,10:38:00,17579.25,25-08-2022,160.7,17600,28.29,26.88,25.74,24.66,23.68,22.76,21.83,21.04,20.42,20.12,19.9,19.68,19.58,19.56,19.81,20.28,20.98,21.93,23.28,24.5,26.03,
24-08-2022,10:39:00,17573.6,25-08-2022,163.65,17550,29.36,28,26.64,25.55,24.51,23.61,22.66,21.78,20.96,20.43,20.18,19.94,19.72,19.67,19.62,19.94,20.47,21.2,22.23,23.63,24.8,
24-08-2022,10:40:00,17574.9,25-08-2022,164.6,17550,29.5,28.14,26.74,25.67,24.58,23.72,22.79,21.88,21.03,20.61,20.26,20.02,19.79,19.69,19.73,20.02,20.46,21.17,22.14,23.56,24.68,
24-08-2022,10:41:00,17578.45,25-08-2022,160.75,17600,28.32,26.89,25.81,24.73,23.81,22.85,21.92,21.1,20.54,20.2,19.91,19.67,19.55,19.56,19.83,20.25,20.93,21.96,23.29,24.48,25.98,
24-08-2022,10:42:00,17572.7,25-08-2022,164.35000000000002,17550,29.38,28.04,26.66,25.6,24.49,23.64,22.75,21.85,21.07,20.52,20.25,20,19.77,19.67,19.67,19.97,20.39,21.08,22.12,23.53,24.77,
24-08-2022,10:43:00,17577.7,25-08-2022,159.25,17600,27.79,26.43,25.29,24.25,23.37,22.4,21.56,20.73,20.26,19.96,19.72,19.45,19.35,19.35,19.68,20.12,20.82,21.88,23.34,24.58,26,
24-08-2022,10:44:00,17575.2,25-08-2022,159.95,17600,27.81,26.38,25.39,24.3,23.4,22.48,21.6,20.79,20.34,20.02,19.8,19.58,19.48,19.46,19.78,20.22,20.94,21.9,23.39,24.68,26.11,
24-08-2022,10:45:00,17581.8,25-08-2022,159.05,17600,28.04,26.59,25.53,24.41,23.49,22.52,21.62,20.83,20.32,19.99,19.74,19.57,19.38,19.36,19.66,20.1,20.72,21.7,23.11,24.3,25.88,
24-08-2022,10:46:00,17586.15,25-08-2022,157.7,17600,28.14,26.65,25.58,24.42,23.5,22.49,21.5,20.66,20.13,19.83,19.6,19.39,19.26,19.23,19.57,20,20.67,21.59,22.97,24.23,25.67,
24-08-2022,10:47:00,17587.5,25-08-2022,157.35,17600,28.19,26.75,25.63,24.44,23.5,22.48,21.51,20.59,20.05,19.81,19.56,19.33,19.27,19.26,19.54,19.96,20.59,21.56,22.94,24.06,25.64,
24-08-2022,10:48:00,17583.55,25-08-2022,157.15,17600,28.04,26.57,25.38,24.23,23.3,22.29,21.35,20.54,20,19.75,19.51,19.3,19.12,19.17,19.48,19.93,20.61,21.61,23.04,24.19,25.74,
24-08-2022,10:49:00,17589.35,25-08-2022,156.3,17600,28.39,26.87,25.66,24.44,23.44,22.47,21.39,20.52,20.03,19.72,19.46,19.17,18.98,18.96,19.25,19.64,20.29,21.26,22.64,23.76,25.34,
24-08-2022,10:50:00,17589.7,25-08-2022,157.2,17600,28.42,26.82,25.62,24.36,23.36,22.3,21.33,20.55,20.12,19.87,19.57,19.36,19.21,19.19,19.45,19.87,20.51,21.44,22.75,24,25.58,
24-08-2022,10:51:00,17596,25-08-2022,154.8,17600,28.61,27.04,25.72,24.43,23.32,22.23,21.18,20.39,19.77,19.5,19.28,19.11,18.84,18.86,19.13,19.54,20.22,21.16,22.57,23.73,25.25,
24-08-2022,10:52:00,17598.3,25-08-2022,154.55,17600,28.66,27.11,25.77,24.48,23.38,22.28,21.19,20.34,19.76,19.54,19.25,19.07,18.94,18.95,19.24,19.61,20.25,21.17,22.52,23.64,25.11,
24-08-2022,10:53:00,17597.7,25-08-2022,155.5,17600,28.66,27.11,25.8,24.56,23.49,22.4,21.32,20.46,19.93,19.64,19.37,19.19,19.09,19.03,19.27,19.66,20.29,21.24,22.59,23.64,25.25,
24-08-2022,10:54:00,17591.4,25-08-2022,156.45,17600,28.66,27.1,25.84,24.54,23.53,22.46,21.43,20.62,20.09,19.79,19.5,19.28,19.13,19.06,19.37,19.77,20.43,21.41,22.8,24,25.52,
24-08-2022,10:55:00,17586.8,25-08-2022,155,17600,28.39,26.82,25.6,24.35,23.28,22.22,21.23,20.42,19.86,19.6,19.31,19.1,19.03,18.98,19.34,19.75,20.47,21.51,22.98,24.23,25.66,
24-08-2022,10:56:00,17589.25,25-08-2022,156.25,17600,28.54,27.02,25.72,24.41,23.44,22.35,21.41,20.61,20.07,19.72,19.48,19.21,19.08,19.04,19.33,19.67,20.39,21.47,22.84,24.03,25.54,
24-08-2022,10:57:00,17586.75,25-08-2022,155.65,17600,28.28,26.73,25.46,24.28,23.24,22.26,21.28,20.54,19.99,19.69,19.41,19.19,19.08,19.1,19.4,19.87,20.54,21.52,22.89,24.13,25.55,
24-08-2022,10:58:00,17584.7,25-08-2022,155.39999999999998,17600,28.19,26.66,25.41,24.21,23.28,22.23,21.25,20.51,19.95,19.65,19.38,19.23,18.97,18.97,19.26,19.65,20.4,21.41,22.87,24.11,25.53,
24-08-2022,10:59:00,17587.4,25-08-2022,154.3,17600,28.35,26.73,25.46,24.19,23.23,22.17,21.18,20.44,19.79,19.48,19.26,19.06,18.83,18.86,19.13,19.58,20.27,21.3,22.72,23.97,25.31,
24-08-2022,11:00:00,17590.15,25-08-2022,153.95,17600,28.5,26.77,25.55,24.32,23.28,22.19,21.21,20.4,19.82,19.52,19.23,19.06,18.78,18.72,19.01,19.48,20.22,21.22,22.64,23.83,25.24,
24-08-2022,11:01:00,17590.2,25-08-2022,153.05,17600,28.28,26.72,25.46,24.24,23.25,22.17,21.18,20.36,19.76,19.45,19.12,18.91,18.69,18.67,18.95,19.44,20.17,21.23,22.64,23.88,25.3,
24-08-2022,11:02:00,17589.05,25-08-2022,152.55,17600,28.11,26.57,25.28,24.08,23.13,22.06,21.07,20.27,19.65,19.34,19.06,18.77,18.64,18.62,18.97,19.4,20.17,21.25,22.65,23.94,25.27,
24-08-2022,11:03:00,17594.4,25-08-2022,152.1,17600,28.33,26.76,25.47,24.21,23.17,22.06,21.07,20.27,19.63,19.29,19.01,18.8,18.61,18.58,18.85,19.35,20.05,21.08,22.43,23.62,25.05,
24-08-2022,11:04:00,17595.4,25-08-2022,152.45,17600,28.39,26.77,25.52,24.22,23.21,22.09,21.1,20.26,19.63,19.3,19.06,18.82,18.59,18.54,18.84,19.33,20.06,21.05,22.49,23.56,24.97,
24-08-2022,11:05:00,17603.25,25-08-2022,150.55,17600,28.66,27,25.69,24.33,23.21,22.05,21,20.03,19.43,19.06,18.8,18.52,18.3,18.37,18.66,19.15,19.83,20.84,22.17,23.25,24.68,
24-08-2022,11:06:00,17602.35,25-08-2022,150.95,17600,28.82,27.19,25.89,24.52,23.39,22.23,21.18,20.25,19.6,19.16,18.86,18.61,18.44,18.35,18.67,19.14,19.88,20.84,22.16,23.22,24.72,
24-08-2022,11:07:00,17604.1,25-08-2022,149.45,17600,28.79,27.14,25.78,24.41,23.24,22.1,21.06,20.1,19.48,19.02,18.69,18.43,18.29,18.31,18.62,19.12,19.79,20.82,22.21,23.4,24.74,
24-08-2022,11:08:00,17606.45,25-08-2022,150,17600,28.93,27.3,25.97,24.51,23.34,22.11,21.07,20.13,19.5,19.04,18.73,18.52,18.31,18.27,18.58,19.02,19.72,20.7,22.07,23.17,24.51,
24-08-2022,11:09:00,17610.05,25-08-2022,149.2,17600,29.22,27.59,26.16,24.75,23.51,22.25,21.17,20.15,19.49,18.97,18.61,18.42,18.2,18.18,18.47,18.9,19.57,20.52,21.86,23.08,24.36,
24-08-2022,11:10:00,17609.75,25-08-2022,147.4,17600,29.27,27.58,26.11,24.68,23.37,22.12,21.03,19.99,19.26,18.76,18.38,18.14,17.97,17.91,18.22,18.67,19.4,20.4,21.77,22.91,24.25,
24-08-2022,11:11:00,17609.9,25-08-2022,147.1,17600,29.16,27.52,26.14,24.71,23.43,22.17,21.11,20.1,19.32,18.8,18.37,18.11,17.91,17.87,18.18,18.68,19.39,20.44,21.84,22.96,24.45,
24-08-2022,11:12:00,17608.1,25-08-2022,147.89999999999998,17600,29.1,27.52,26.09,24.71,23.49,22.24,21.15,20.14,19.35,18.84,18.48,18.25,18.04,17.98,18.28,18.76,19.48,20.45,21.91,23.05,24.47,
24-08-2022,11:13:00,17611.2,25-08-2022,147.89999999999998,17600,29.29,27.65,26.22,24.81,23.6,22.37,21.25,20.2,19.46,18.84,18.46,18.26,18.07,17.99,18.29,18.78,19.42,20.38,21.85,23.01,24.45,
24-08-2022,11:14:00,17614.35,25-08-2022,147.25,17600,29.32,27.64,26.19,24.84,23.53,22.31,21.2,20.16,19.34,18.81,18.36,18.13,17.92,17.92,18.24,18.69,19.36,20.38,21.76,22.93,24.37,
24-08-2022,11:15:00,17608.7,25-08-2022,145.85,17600,29.09,27.34,25.97,24.55,23.33,22.11,21.01,19.98,19.15,18.65,18.25,18.09,17.88,17.88,18.24,18.73,19.49,20.52,22.02,23.16,24.66,
24-08-2022,11:16:00,17611.2,25-08-2022,145.75,17600,29.25,27.57,26.11,24.68,23.41,22.11,21.04,20.04,19.22,18.63,18.21,17.96,17.72,17.75,18.09,18.57,19.29,20.3,21.75,22.96,24.38,
24-08-2022,11:17:00,17620.5,25-08-2022,145.55,17600,29.7,27.91,26.42,24.87,23.53,22.24,21.04,19.93,19.07,18.5,18.09,17.85,17.6,17.54,17.86,18.31,19,20.04,21.43,22.67,24.2,
24-08-2022,11:18:00,17618.15,25-08-2022,143.75,17600,29.43,27.7,26.16,24.64,23.35,22,20.91,19.79,18.96,18.4,17.93,17.73,17.54,17.49,17.85,18.32,19.04,20.14,21.66,22.81,24.33,
24-08-2022,11:19:00,17614.9,25-08-2022,143.55,17600,29.37,27.55,26.04,24.58,23.28,21.94,20.87,19.79,18.96,18.35,17.95,17.75,17.52,17.48,17.89,18.39,19.13,20.22,21.82,22.94,24.61,
24-08-2022,11:20:00,17607.4,25-08-2022,143.85,17600,29.18,27.5,26.01,24.58,23.28,22.03,20.96,19.89,19.11,18.49,18.05,17.75,17.62,17.56,18.01,18.52,19.34,20.53,22.03,23.39,24.89,
24-08-2022,11:21:00,17605.05,25-08-2022,143.25,17600,29.06,27.43,25.9,24.51,23.26,22.03,21,19.89,19.08,18.45,17.99,17.76,17.53,17.56,18,18.52,19.42,20.61,22.1,23.32,24.96,
24-08-2022,11:22:00,17606.6,25-08-2022,142.3,17600,29.16,27.48,26.01,24.51,23.26,22,20.88,19.78,18.95,18.33,17.87,17.61,17.44,17.45,17.93,18.51,19.37,20.47,21.96,23.16,24.88,
24-08-2022,11:23:00,17605.5,25-08-2022,142,17600,29.04,27.37,25.94,24.47,23.21,21.91,20.85,19.77,18.94,18.3,17.84,17.61,17.44,17.45,17.87,18.42,19.29,20.55,22.04,23.24,24.87,
24-08-2022,11:24:00,17605,25-08-2022,141.85,17600,28.89,27.28,25.85,24.34,23.17,21.87,20.78,19.74,18.89,18.29,17.83,17.57,17.46,17.49,17.89,18.51,19.37,20.55,21.96,23.18,24.7,
24-08-2022,11:25:00,17606.85,25-08-2022,142.2,17600,28.96,27.29,25.78,24.41,23.12,21.83,20.79,19.7,18.94,18.3,17.88,17.65,17.46,17.5,17.89,18.48,19.35,20.55,21.91,23.13,24.66,
24-08-2022,11:26:00,17603.65,25-08-2022,141.25,17600,28.82,27.2,25.77,24.29,23.07,21.75,20.61,19.61,18.78,18.21,17.77,17.55,17.39,17.57,17.95,18.51,19.4,20.55,21.93,23.2,24.71,
24-08-2022,11:27:00,17600.1,25-08-2022,141.25,17600,28.81,27.2,25.84,24.33,23.13,21.84,20.71,19.69,18.84,18.25,17.78,17.53,17.4,17.45,17.89,18.55,19.48,20.73,22.2,23.45,24.95,
24-08-2022,11:28:00,17600.5,25-08-2022,141.8,17600,28.92,27.33,25.91,24.4,23.19,21.9,20.81,19.74,18.92,18.34,17.85,17.59,17.41,17.45,17.91,18.51,19.33,20.56,22.05,23.26,24.76,
24-08-2022,11:29:00,17597,25-08-2022,142.2,17600,28.71,27.15,25.73,24.28,23.05,21.79,20.69,19.66,18.95,18.29,17.9,17.64,17.47,17.56,18.08,18.7,19.67,20.81,22.26,23.34,24.79,
24-08-2022,11:30:00,17599.3,25-08-2022,141.7,17600,28.87,27.22,25.84,24.35,23.14,21.88,20.83,19.73,18.94,18.34,17.85,17.58,17.37,17.45,17.89,18.51,19.4,20.59,21.99,23.15,24.61,
24-08-2022,11:31:00,17606.45,25-08-2022,140.05,17600,28.93,27.2,25.76,24.26,23.04,21.74,20.6,19.5,18.67,18.07,17.61,17.37,17.14,17.2,17.61,18.15,19.03,20.18,21.64,22.79,24.2,
24-08-2022,11:32:00,17604.75,25-08-2022,140.55,17600,29.11,27.39,25.93,24.41,23.09,21.81,20.71,19.57,18.77,18.18,17.7,17.44,17.21,17.32,17.71,18.29,19.13,20.29,21.74,23.02,24.44,
24-08-2022,11:33:00,17608.25,25-08-2022,140.55,17600,29.33,27.5,26.03,24.5,23.15,21.83,20.69,19.59,18.77,18.14,17.68,17.36,17.13,17.16,17.51,18.12,18.94,20.08,21.53,22.75,24.25,
24-08-2022,11:34:00,17613.2,25-08-2022,140.15,17600,29.48,27.78,26.23,24.69,23.35,21.99,20.83,19.66,18.74,18.04,17.58,17.27,17.06,17.05,17.43,17.97,18.76,19.91,21.39,22.5,24.01,
24-08-2022,11:35:00,17618.3,25-08-2022,139.25,17600,29.72,27.93,26.36,24.83,23.38,21.99,20.82,19.67,18.73,18.03,17.39,17.13,16.83,16.79,17.14,17.6,18.38,19.54,21.09,22.37,23.74,
24-08-2022,11:36:00,17614.15,25-08-2022,139.65,17600,29.65,27.84,26.34,24.8,23.44,22.06,20.9,19.71,18.81,18.07,17.5,17.24,17,16.99,17.34,17.84,18.59,19.72,21.13,22.35,23.85,
24-08-2022,11:37:00,17611.3,25-08-2022,140.95,17600,29.46,27.69,26.25,24.75,23.43,22.03,21.03,19.87,19.03,18.27,17.73,17.46,17.23,17.2,17.56,17.99,18.77,19.95,21.4,22.6,24.01,
24-08-2022,11:38:00,17609.3,25-08-2022,139.9,17600,29.25,27.55,26.12,24.58,23.23,21.87,20.75,19.66,18.85,18.13,17.62,17.37,17.21,17.11,17.49,17.96,18.76,19.89,21.37,22.7,24.1,
24-08-2022,11:39:00,17613.95,25-08-2022,140.3,17600,29.53,27.8,26.32,24.8,23.42,22,20.81,19.69,18.85,18.12,17.59,17.25,17.05,17,17.35,17.74,18.51,19.64,21.04,22.32,23.74,
24-08-2022,11:40:00,17608.55,25-08-2022,141.14999999999998,17600,29.27,27.62,26.13,24.63,23.31,21.93,20.85,19.76,18.94,18.31,17.79,17.51,17.28,17.26,17.59,18.06,18.81,19.96,21.45,22.63,24.12,
24-08-2022,11:41:00,17607.3,25-08-2022,142.75,17600,29.26,27.55,26.12,24.66,23.29,21.94,20.87,19.83,18.97,18.35,18,17.63,17.57,17.47,17.8,18.24,18.96,20.09,21.47,22.66,24.14,
24-08-2022,11:42:00,17607.85,25-08-2022,142.45,17600,29.31,27.55,26.13,24.64,23.32,22,20.9,19.85,19.07,18.42,17.96,17.68,17.45,17.37,17.7,18.11,18.84,19.95,21.37,22.63,24.11,
24-08-2022,11:43:00,17608.5,25-08-2022,142.65,17600,29.24,27.54,26.12,24.67,23.34,22.02,20.99,19.92,19.12,18.44,17.99,17.68,17.45,17.33,17.68,18.07,18.86,19.97,21.46,22.72,24.13,
24-08-2022,11:44:00,17609,25-08-2022,142.5,17600,29.28,27.58,26.11,24.63,23.35,21.98,20.95,19.94,19.12,18.45,17.98,17.65,17.44,17.32,17.62,18.04,18.79,20,21.43,22.7,24.29,
24-08-2022,11:45:00,17607.45,25-08-2022,141.75,17600,29.07,27.44,26.01,24.55,23.24,21.93,20.88,19.83,18.98,18.39,17.91,17.65,17.4,17.36,17.7,18.11,18.96,20.05,21.53,22.85,24.35,
24-08-2022,11:46:00,17606.6,25-08-2022,141.8,17600,29.18,27.48,26,24.59,23.22,21.95,20.85,19.84,19,18.38,17.92,17.61,17.42,17.31,17.64,18.07,18.85,20.08,21.56,22.83,24.42,
24-08-2022,11:47:00,17610.5,25-08-2022,140.85,17600,29.26,27.57,26.11,24.6,23.26,21.95,20.85,19.79,18.93,18.22,17.78,17.5,17.32,17.22,17.57,18,18.86,19.94,21.43,22.7,24.2,
24-08-2022,11:48:00,17614.95,25-08-2022,140.05,17600,29.47,27.68,26.21,24.74,23.39,21.91,20.83,19.75,18.86,18.17,17.63,17.34,17.16,17.08,17.44,17.85,18.61,19.77,21.17,22.45,23.96,
24-08-2022,11:49:00,17616.45,25-08-2022,140.4,17600,29.48,27.69,26.27,24.79,23.46,22.03,20.88,19.83,18.94,18.18,17.68,17.37,17.14,17.09,17.42,17.86,18.62,19.68,21.18,22.39,23.88,
24-08-2022,11:50:00,17604,25-08-2022,138.8,17600,29.08,27.35,25.94,24.44,23.13,21.74,20.71,19.67,18.77,18.03,17.58,17.35,17.23,17.19,17.6,18.1,18.91,20.11,21.65,22.94,24.4,
24-08-2022,11:51:00,17603,25-08-2022,141.60000000000002,17600,29.11,27.43,26.04,24.63,23.36,21.95,20.87,19.86,18.98,18.42,17.95,17.66,17.48,17.39,17.78,18.34,19.13,20.26,21.7,22.91,24.45,
24-08-2022,11:52:00,17598.1,25-08-2022,141.55,17600,29.03,27.44,26.02,24.61,23.31,22.12,20.91,19.9,19.02,18.27,17.95,17.75,17.43,17.39,17.9,18.4,19.3,20.43,21.86,23.06,24.69,
24-08-2022,11:53:00,17599.45,25-08-2022,142.10000000000002,17600,28.83,27.25,25.84,24.41,23.21,21.91,20.83,19.85,19.02,18.47,18.03,17.78,17.61,17.6,18,18.48,19.4,20.52,21.95,23.06,24.78,
24-08-2022,11:54:00,17596.1,25-08-2022,142.25,17600,28.6,27.01,25.68,24.26,23.08,21.75,20.73,19.75,18.97,18.44,18.04,17.8,17.62,17.68,18.08,18.61,19.5,20.77,22.12,23.46,25,
24-08-2022,11:55:00,17583.35,25-08-2022,141.75,17600,28.6,27.02,25.64,24.3,23.1,21.79,20.81,19.76,18.91,18.37,17.91,17.69,17.5,17.6,18.11,18.7,19.64,20.93,22.45,23.72,25.41,
24-08-2022,11:56:00,17579.55,25-08-2022,141.85,17600,28.51,26.94,25.59,24.19,23.05,21.79,20.76,19.77,18.94,18.35,17.93,17.68,17.51,17.58,18.09,18.69,19.67,20.92,22.44,23.62,25.3,
24-08-2022,11:57:00,17577.45,25-08-2022,141.95,17600,28.37,26.8,25.47,24.06,22.95,21.69,20.7,19.71,18.91,18.37,17.92,17.71,17.57,17.72,18.26,18.9,19.79,21.07,22.52,23.76,25.34,
24-08-2022,11:58:00,17575.9,25-08-2022,142.5,17600,28.3,26.69,25.43,24.02,22.86,21.61,20.65,19.64,18.93,18.39,17.99,17.74,17.61,17.78,18.34,18.96,19.85,21.09,22.61,23.96,25.46,
24-08-2022,11:59:00,17569.15,25-08-2022,145.9,17550,29.66,28.12,26.67,25.39,24.07,22.94,21.73,20.75,19.83,19.01,18.51,18.13,17.92,17.84,18.01,18.64,19.29,20.33,21.62,23.1,24.41,
24-08-2022,12:00:00,17560.65,25-08-2022,146.5,17550,29.62,28.11,26.61,25.24,23.98,22.89,21.65,20.74,19.88,19.13,18.64,18.27,18.04,18.06,18.35,19.03,19.76,20.68,21.99,23.41,24.73,
24-08-2022,12:01:00,17565.35,25-08-2022,143.8,17550,29.4,27.71,26.11,24.86,23.49,22.42,21.22,20.27,19.42,18.62,18.21,17.88,17.75,17.75,18.08,18.68,19.34,20.33,21.62,23,24.34,
24-08-2022,12:02:00,17568.15,25-08-2022,143.75,17550,29.32,27.65,26.07,24.76,23.42,22.33,21.05,20.15,19.22,18.65,18.19,17.89,17.72,17.73,18.07,18.64,19.32,20.28,21.51,22.95,24.29,
24-08-2022,12:03:00,17561.75,25-08-2022,144.4,17550,29.01,27.46,26.06,24.77,23.49,22.43,21.19,20.31,19.49,18.84,18.39,18.12,18.01,18.1,18.42,19.08,19.73,20.66,21.87,23.33,24.8,
24-08-2022,12:04:00,17568.6,25-08-2022,143.95,17550,29.38,27.72,26.21,24.82,23.5,22.41,21.13,20.21,19.32,18.61,18.2,17.83,17.77,17.69,17.98,18.56,19.16,20.16,21.34,22.85,24.29,
24-08-2022,12:05:00,17571.8,25-08-2022,143.7,17550,29.48,27.85,26.31,25,23.65,22.49,21.23,20.24,19.31,18.56,18.09,17.8,17.62,17.54,17.82,18.36,18.96,19.87,21.11,22.55,23.98,
24-08-2022,12:06:00,17581.4,25-08-2022,139.75,17600,28.14,26.52,25.17,23.8,22.63,21.27,20.23,19.29,18.5,18.09,17.76,17.51,17.54,17.73,18.26,18.84,19.68,20.82,22.22,23.58,25.28,
24-08-2022,12:07:00,17580.35,25-08-2022,140.95,17600,28.22,26.52,25.19,23.83,22.62,21.27,20.27,19.34,18.65,18.2,17.9,17.67,17.61,17.86,18.38,18.95,19.81,20.94,22.34,23.78,25.29,
24-08-2022,12:08:00,17579.15,25-08-2022,139.3,17600,27.98,26.42,25.06,23.69,22.54,21.18,20.18,19.24,18.46,18.04,17.69,17.56,17.47,17.73,18.28,18.85,19.82,21.01,22.42,23.78,25.3,
24-08-2022,12:09:00,17574,25-08-2022,143.95,17550,29.43,27.86,26.27,24.97,23.62,22.43,21.2,20.21,19.31,18.6,18.15,17.9,17.67,17.71,17.95,18.55,19.12,20.05,21.27,22.6,24.03,
24-08-2022,12:10:00,17570.25,25-08-2022,144.25,17550,29.32,27.77,26.23,25.02,23.64,22.54,21.32,20.32,19.5,18.79,18.3,18.08,17.85,17.87,18.19,18.81,19.38,20.38,21.51,23.02,24.27,
24-08-2022,12:11:00,17571.45,25-08-2022,144.7,17550,29.37,27.9,26.31,24.99,23.65,22.5,21.28,20.36,19.43,18.77,18.33,18,17.89,17.86,18.11,18.72,19.28,20.26,21.46,22.91,24.17,
24-08-2022,12:12:00,17573.65,25-08-2022,144.05,17550,29.48,27.9,26.3,24.98,23.66,22.54,21.3,20.26,19.39,18.69,18.2,17.97,17.76,17.72,18.02,18.52,19.08,20.03,21.22,22.74,24.01,
24-08-2022,12:13:00,17567.1,25-08-2022,144.55,17550,29.25,27.68,26.16,24.91,23.59,22.46,21.26,20.31,19.4,18.81,18.42,18.14,17.98,18.06,18.27,18.9,19.52,20.51,21.7,23.19,24.6,
24-08-2022,12:14:00,17566.35,25-08-2022,144.55,17550,29.35,27.7,26.29,24.98,23.69,22.6,21.29,20.36,19.5,18.81,18.42,18.19,18.04,18.07,18.4,19.02,19.58,20.54,21.75,23.18,24.59,
24-08-2022,12:15:00,17570.95,25-08-2022,145.05,17550,29.34,27.72,26.25,24.95,23.58,22.46,21.23,20.3,19.44,18.91,18.44,18.21,18.05,18.04,18.27,18.79,19.4,20.34,21.63,23.07,24.51,
24-08-2022,12:16:00,17566.15,25-08-2022,145.05,17550,29.24,27.67,26.12,24.88,23.59,22.44,21.24,20.32,19.48,18.85,18.49,18.2,18.07,18.1,18.37,18.94,19.57,20.49,21.75,23.18,24.5,
24-08-2022,12:17:00,17572,25-08-2022,145.25,17550,29.44,27.91,26.33,25.02,23.72,22.63,21.42,20.45,19.57,18.82,18.43,18.06,17.89,17.89,18.13,18.67,19.26,20.18,21.41,22.93,24.28,
24-08-2022,12:18:00,17572.4,25-08-2022,145.8,17550,29.5,27.96,26.42,25.09,23.77,22.64,21.47,20.51,19.65,18.88,18.51,18.15,17.94,17.91,18.17,18.73,19.29,20.21,21.44,22.88,24.31,
24-08-2022,12:19:00,17563.05,25-08-2022,146.15,17550,29.18,27.59,26.15,24.89,23.6,22.54,21.4,20.47,19.7,19.09,18.69,18.37,18.22,18.29,18.56,19.13,19.78,20.7,21.94,23.42,24.83,
24-08-2022,12:20:00,17561.95,25-08-2022,146.39999999999998,17550,29.18,27.52,26.08,24.78,23.52,22.53,21.34,20.48,19.72,19.14,18.74,18.47,18.3,18.37,18.65,19.23,19.84,20.79,22.02,23.43,24.82,
24-08-2022,12:21:00,17561.65,25-08-2022,145.25,17550,29.13,27.53,26.09,24.79,23.46,22.43,21.26,20.37,19.53,18.91,18.6,18.25,18.09,18.24,18.55,19.12,19.76,20.74,22.03,23.58,24.91,
24-08-2022,12:22:00,17562.55,25-08-2022,145.64999999999998,17550,29.31,27.64,26.16,24.79,23.6,22.5,21.38,20.42,19.57,18.95,18.64,18.31,18.13,18.22,18.49,19.11,19.72,20.74,21.99,23.49,24.91,
24-08-2022,12:23:00,17568.5,25-08-2022,144.64999999999998,17550,29.41,27.74,26.18,24.83,23.51,22.44,21.28,20.28,19.47,18.8,18.42,18.07,17.97,18.05,18.24,18.8,19.33,20.32,21.61,22.99,24.41,
24-08-2022,12:24:00,17579.1,25-08-2022,138.6,17600,28.05,26.48,24.98,23.58,22.42,21.13,20.16,19.27,18.48,18.06,17.67,17.46,17.51,17.69,18.22,18.84,19.8,21.06,22.52,24.05,25.58,
24-08-2022,12:25:00,17586.95,25-08-2022,136.4,17600,28.15,26.6,25.08,23.67,22.48,21.16,20.13,19.16,18.3,17.84,17.46,17.26,17.27,17.4,17.94,18.46,19.38,20.57,22.13,23.52,25.15,
24-08-2022,12:26:00,17584.5,25-08-2022,137.15,17600,28.42,26.81,25.39,23.99,22.78,21.41,20.31,19.27,18.45,18,17.56,17.34,17.3,17.43,17.99,18.58,19.46,20.71,22.21,23.51,25.22,
24-08-2022,12:27:00,17584.15,25-08-2022,138.5,17600,28.39,26.8,25.33,23.92,22.75,21.41,20.32,19.37,18.57,18.05,17.71,17.42,17.41,17.6,18.11,18.68,19.58,20.84,22.37,23.82,25.44,
24-08-2022,12:28:00,17587.6,25-08-2022,137.95,17600,28.4,26.78,25.3,23.97,22.73,21.39,20.36,19.34,18.52,18.1,17.66,17.43,17.34,17.51,18,18.53,19.44,20.65,22.24,23.7,25.23,
24-08-2022,12:29:00,17590.1,25-08-2022,137.35,17600,28.3,26.72,25.26,23.85,22.63,21.28,20.27,19.29,18.47,18.03,17.6,17.33,17.25,17.36,17.94,18.4,19.35,20.56,22.09,23.62,25.15,
24-08-2022,12:30:00,17588.95,25-08-2022,135.85,17600,28.36,26.72,25.23,23.83,22.61,21.28,20.23,19.24,18.31,17.9,17.42,17.2,17.1,17.27,17.77,18.31,19.25,20.46,21.97,23.41,25.12,
24-08-2022,12:31:00,17588.95,25-08-2022,137,17600,28.43,26.78,25.33,23.96,22.74,21.41,20.31,19.33,18.53,18.05,17.57,17.34,17.22,17.38,17.88,18.42,19.31,20.47,21.98,23.42,25.02,
24-08-2022,12:32:00,17596.45,25-08-2022,135.5,17600,28.61,26.95,25.47,24.02,22.76,21.33,20.22,19.16,18.32,17.84,17.39,17.09,17.06,17.1,17.58,18.12,18.98,20.09,21.71,23.1,24.73,
24-08-2022,12:33:00,17594.5,25-08-2022,135.1,17600,28.55,26.88,25.38,23.95,22.73,21.32,20.27,19.18,18.35,17.83,17.35,17.12,16.99,17.15,17.65,18.19,19.04,20.24,21.71,23.15,24.87,
24-08-2022,12:34:00,17592.35,25-08-2022,135.95,17600,28.5,26.9,25.4,24.01,22.82,21.42,20.35,19.24,18.5,17.96,17.47,17.2,17.15,17.21,17.74,18.28,19.13,20.23,21.7,23.15,24.86,
24-08-2022,12:35:00,17590.05,25-08-2022,136.25,17600,28.46,26.82,25.33,23.97,22.77,21.39,20.36,19.36,18.56,17.98,17.5,17.24,17.2,17.35,17.85,18.41,19.32,20.55,22.03,23.39,25.1,
24-08-2022,12:36:00,17593.7,25-08-2022,135.25,17600,28.77,27.08,25.66,24.16,22.92,21.47,20.43,19.38,18.54,17.9,17.39,17.17,17.11,17.19,17.67,18.17,19.04,20.25,21.74,23.12,24.84,
24-08-2022,12:37:00,17591.8,25-08-2022,136.15,17600,28.72,27.14,25.7,24.19,22.96,21.56,20.53,19.47,18.63,17.99,17.51,17.23,17.12,17.25,17.72,18.21,19.06,20.26,21.8,23.09,24.79,
24-08-2022,12:38:00,17591.45,25-08-2022,135.95,17600,28.67,27.1,25.67,24.2,22.91,21.5,20.49,19.4,18.68,18.05,17.49,17.25,17.12,17.2,17.69,18.2,19.11,20.25,21.8,23.09,24.69,
24-08-2022,12:39:00,17587.5,25-08-2022,136.7,17600,28.55,27,25.61,24.15,22.87,21.57,20.5,19.48,18.68,18.06,17.57,17.29,17.2,17.33,17.82,18.39,19.23,20.47,22.06,23.49,25.1,
24-08-2022,12:40:00,17588.4,25-08-2022,136.45,17600,28.61,27.01,25.6,24.09,22.89,21.52,20.53,19.47,18.63,18.09,17.56,17.29,17.18,17.3,17.81,18.36,19.21,20.43,21.95,23.39,24.9,
24-08-2022,12:41:00,17585.55,25-08-2022,136.3,17600,28.58,26.97,25.54,24.1,22.83,21.49,20.44,19.43,18.6,18.08,17.53,17.23,17.21,17.33,17.9,18.46,19.28,20.54,21.99,23.41,25.01,
24-08-2022,12:42:00,17589.6,25-08-2022,135.55,17600,28.62,26.98,25.54,24.06,22.85,21.47,20.4,19.4,18.58,18.01,17.45,17.22,17.14,17.18,17.71,18.26,19.06,20.31,21.9,23.25,24.86,
24-08-2022,12:43:00,17583.65,25-08-2022,136,17600,28.41,26.87,25.57,24.05,22.73,21.4,20.37,19.37,18.58,18.02,17.5,17.27,17.08,17.19,17.78,18.39,19.28,20.55,22.19,23.53,24.91,
24-08-2022,12:44:00,17581.4,25-08-2022,137.4,17600,28.35,26.78,25.47,24.01,22.78,21.45,20.48,19.44,18.71,18.17,17.66,17.4,17.35,17.43,17.99,18.6,19.48,20.69,22.26,23.67,25.16,
24-08-2022,12:45:00,17573.85,25-08-2022,143,17550,29.74,28.07,26.55,25.24,23.91,22.68,21.38,20.46,19.48,18.79,18.28,17.84,17.63,17.55,17.76,18.33,19,19.91,21.18,22.78,24.08,
24-08-2022,12:46:00,17569.25,25-08-2022,144.8,17550,29.76,28.13,26.68,25.4,24.07,22.83,21.53,20.64,19.68,18.99,18.57,18.14,17.89,17.87,18.05,18.65,19.28,20.16,21.32,22.85,24.22,
24-08-2022,12:47:00,17577.5,25-08-2022,140.25,17600,28.42,26.91,25.55,24.17,22.98,21.65,20.63,19.62,18.89,18.45,18,17.74,17.67,17.84,18.38,18.93,19.74,20.86,22.54,23.75,25.42,
24-08-2022,12:48:00,17574.1,25-08-2022,144.8,17550,29.9,28.28,26.75,25.42,24.07,22.81,21.56,20.59,19.66,18.95,18.52,18.09,17.86,17.78,17.92,18.47,19.06,19.92,21.07,22.59,23.86,
24-08-2022,12:49:00,17573.45,25-08-2022,144.75,17550,29.89,28.32,26.76,25.36,24.04,22.75,21.48,20.51,19.66,19.01,18.55,18.17,17.92,17.9,18.11,18.62,19.18,20.02,21.11,22.69,24.15,
24-08-2022,12:50:00,17562.65,25-08-2022,145.39999999999998,17550,29.69,28.15,26.69,25.28,24.03,22.91,21.62,20.74,19.85,19.24,18.78,18.46,18.34,18.29,18.52,19.12,19.76,20.7,21.81,23.38,24.74,
24-08-2022,12:51:00,17558.1,25-08-2022,145.10000000000002,17550,29.44,27.93,26.39,25.07,23.86,22.72,21.5,20.55,19.74,19.16,18.79,18.45,18.28,18.31,18.62,19.3,19.97,21,22.21,23.71,24.95,
24-08-2022,12:52:00,17556.85,25-08-2022,145.5,17550,29.61,27.99,26.41,25.04,23.81,22.68,21.42,20.51,19.63,19.1,18.84,18.6,18.38,18.44,18.72,19.35,19.94,20.95,22.12,23.53,24.96,
24-08-2022,12:53:00,17551.4,25-08-2022,146.1,17550,29.28,27.64,26.19,24.84,23.67,22.58,21.37,20.5,19.74,19.26,18.93,18.77,18.62,18.68,18.95,19.7,20.26,21.22,22.33,23.96,25.19,
24-08-2022,12:54:00,17545.55,25-08-2022,146.45,17550,29.08,27.55,26.03,24.74,23.5,22.47,21.23,20.36,19.65,19.14,18.98,18.74,18.68,18.74,19.04,19.71,20.37,21.32,22.61,24.15,25.48,
24-08-2022,12:55:00,17551.5,25-08-2022,144.9,17550,29.09,27.42,25.91,24.54,23.39,22.25,21.07,20.29,19.59,19.04,18.79,18.66,18.5,18.57,18.93,19.64,20.25,21.24,22.42,23.98,25.41,
24-08-2022,12:56:00,17552.85,25-08-2022,144.5,17550,29.13,27.45,25.85,24.57,23.35,22.3,21.03,20.21,19.47,18.93,18.73,18.59,18.46,18.49,18.79,19.44,20.03,20.98,22.13,23.77,25.14,
24-08-2022,12:57:00,17550.6,25-08-2022,144.4,17550,28.87,27.37,25.79,24.47,23.41,22.25,21.02,20.22,19.49,19,18.74,18.61,18.53,18.6,18.85,19.58,20.22,21.14,22.27,23.98,25.24,
24-08-2022,12:58:00,17540.1,25-08-2022,146.05,17550,28.71,27.08,25.59,24.25,23.14,22.09,20.89,20.13,19.61,19.11,18.94,18.72,18.72,18.8,19.02,19.78,20.55,21.63,22.85,24.47,25.91,
24-08-2022,12:59:00,17538.55,25-08-2022,144.05,17550,28.44,26.82,25.33,24.1,22.92,21.89,20.71,19.92,19.38,18.83,18.65,18.53,18.42,18.6,18.98,19.81,20.7,21.74,23.06,24.76,26.11,
24-08-2022,13:00:00,17538.9,25-08-2022,143.6,17550,28.41,26.91,25.41,24.17,22.96,21.91,20.74,19.99,19.39,18.84,18.6,18.56,18.51,18.67,18.98,19.85,20.68,21.78,23.11,24.82,26.29,
24-08-2022,13:01:00,17548.1,25-08-2022,140.75,17550,28.67,27.07,25.43,24.19,22.87,21.81,20.57,19.76,19.07,18.51,18.29,18.22,18.19,18.29,18.64,19.35,20.15,21.21,22.59,24.25,25.64,
24-08-2022,13:02:00,17540.75,25-08-2022,143.25,17550,28.65,27.12,25.45,24.18,23,21.88,20.79,19.93,19.27,18.78,18.57,18.5,18.48,18.62,19.01,19.76,20.53,21.71,23.03,24.73,26.09,
24-08-2022,13:03:00,17533.55,25-08-2022,145.15,17550,28.5,26.96,25.41,24.15,23,21.88,20.82,20.06,19.53,18.95,18.74,18.68,18.76,18.92,19.31,20.11,20.96,22.15,23.52,25.14,26.58,
24-08-2022,13:04:00,17541.4,25-08-2022,144.7,17550,28.66,27.13,25.6,24.33,23.1,22.08,21.01,20.17,19.5,19.01,18.77,18.75,18.7,18.78,19.13,19.89,20.65,21.79,23.13,24.84,26.21,
24-08-2022,13:05:00,17537.95,25-08-2022,144.1,17550,28.52,27.03,25.49,24.24,23.04,21.98,20.91,20.07,19.5,18.92,18.68,18.62,18.62,18.78,19.14,19.88,20.78,21.95,23.28,24.99,26.46,
24-08-2022,13:06:00,17537.85,25-08-2022,143.25,17550,28.51,26.95,25.36,24.19,22.99,21.85,20.8,19.98,19.41,18.84,18.6,18.58,18.63,18.78,19.06,19.84,20.63,21.83,23.12,24.83,26.21,
24-08-2022,13:07:00,17543.35,25-08-2022,142.64999999999998,17550,28.74,27.1,25.56,24.3,23.03,21.96,20.82,19.97,19.26,18.75,18.56,18.47,18.45,18.53,18.73,19.47,20.23,21.46,22.76,24.41,25.97,
24-08-2022,13:08:00,17541.8,25-08-2022,143.65,17550,28.71,27.06,25.46,24.23,22.98,21.96,20.9,20.07,19.36,18.94,18.69,18.65,18.58,18.67,18.85,19.6,20.36,21.58,22.94,24.6,25.98,
24-08-2022,13:09:00,17541.85,25-08-2022,142.75,17550,28.6,27.08,25.53,24.25,23,21.93,20.87,19.99,19.37,18.88,18.58,18.51,18.49,18.54,18.76,19.53,20.3,21.51,22.87,24.51,26.07,
24-08-2022,13:10:00,17543.8,25-08-2022,142,17550,28.79,27.17,25.61,24.22,22.95,21.91,20.82,19.98,19.25,18.75,18.5,18.38,18.37,18.42,18.57,19.26,20.03,21.2,22.55,24.36,25.75,
24-08-2022,13:11:00,17547.2,25-08-2022,141.55,17550,28.85,27.23,25.7,24.46,23.17,22.05,20.91,20.03,19.23,18.77,18.45,18.34,18.25,18.38,18.6,19.28,20.05,21.17,22.58,24.38,25.77,
24-08-2022,13:12:00,17543.2,25-08-2022,141.8,17550,28.75,27.1,25.56,24.29,23.08,21.97,20.81,19.97,19.39,18.73,18.48,18.35,18.3,18.41,18.69,19.35,20.18,21.37,22.77,24.57,25.95,
24-08-2022,13:13:00,17544.75,25-08-2022,141.3,17550,28.76,27.14,25.62,24.34,23.13,22.06,20.92,20.09,19.41,18.79,18.43,18.27,18.25,18.38,18.55,19.25,20.07,21.28,22.64,24.36,25.92,
24-08-2022,13:14:00,17543.65,25-08-2022,141.6,17550,28.66,27.03,25.49,24.31,23.02,21.97,20.88,20.05,19.35,18.78,18.46,18.39,18.33,18.45,18.74,19.44,20.27,21.36,22.75,24.45,25.91,
24-08-2022,13:15:00,17539.15,25-08-2022,141.25,17550,28.5,26.81,25.19,24,22.77,21.65,20.61,19.85,19.18,18.71,18.41,18.34,18.36,18.47,18.72,19.51,20.31,21.42,22.86,24.65,26.01,
24-08-2022,13:16:00,17545.4,25-08-2022,141.60000000000002,17550,28.65,26.99,25.4,24.16,22.9,21.77,20.67,19.85,19.22,18.77,18.48,18.35,18.34,18.41,18.64,19.33,20.09,21.19,22.51,24.3,25.76,
24-08-2022,13:17:00,17539.4,25-08-2022,142.45,17550,28.52,26.88,25.29,24.06,22.81,21.74,20.72,19.89,19.24,18.8,18.58,18.48,18.56,18.69,18.99,19.69,20.44,21.55,22.86,24.56,26.18,
24-08-2022,13:18:00,17536.2,25-08-2022,142.8,17550,28.41,26.82,25.21,23.97,22.7,21.69,20.63,19.89,19.26,18.83,18.61,18.53,18.57,18.79,19.08,19.81,20.62,21.74,23.06,24.68,26.21,
24-08-2022,13:19:00,17534.8,25-08-2022,144.25,17550,28.51,26.87,25.36,24.12,22.92,21.78,20.78,20.04,19.43,19.02,18.78,18.72,18.73,18.95,19.25,19.97,20.74,21.94,23.25,24.94,26.48,
24-08-2022,13:20:00,17534.6,25-08-2022,143.85,17550,28.41,26.77,25.21,24.01,22.77,21.72,20.67,19.97,19.39,18.97,18.71,18.68,18.72,18.96,19.24,20,20.81,21.94,23.29,25.05,26.59,
24-08-2022,13:21:00,17526.45,25-08-2022,141.5,17550,28.13,26.49,24.83,23.6,22.31,21.22,20.17,19.46,18.96,18.5,18.35,18.33,18.55,18.89,19.23,20.07,20.88,22.12,23.44,25.28,26.71,
24-08-2022,13:22:00,17527.6,25-08-2022,141.2,17550,28.33,26.68,25.06,23.74,22.5,21.41,20.3,19.55,18.96,18.54,18.35,18.32,18.48,18.85,19.18,20.04,20.85,22.12,23.48,25.33,26.8,
24-08-2022,13:23:00,17532.4,25-08-2022,141.05,17550,28.52,26.89,25.3,24.04,22.79,21.66,20.56,19.8,19.08,18.62,18.39,18.33,18.5,18.73,19.07,19.84,20.63,21.87,23.24,25.02,26.57,
24-08-2022,13:24:00,17533.65,25-08-2022,140.9,17550,28.58,26.85,25.29,23.99,22.68,21.67,20.55,19.85,19.11,18.63,18.4,18.29,18.48,18.7,19,19.74,20.51,21.81,23.13,24.91,26.56,
24-08-2022,13:25:00,17529.95,25-08-2022,141.05,17550,28.34,26.78,25.22,23.91,22.64,21.63,20.57,19.82,19.12,18.63,18.38,18.3,18.48,18.7,19.06,19.87,20.78,22.07,23.38,25.16,26.71,
24-08-2022,13:26:00,17533.9,25-08-2022,140.3,17550,28.43,26.76,25.1,23.81,22.51,21.42,20.36,19.61,19.02,18.57,18.31,18.17,18.34,18.57,18.88,19.74,20.58,21.93,23.24,25.11,26.48,
24-08-2022,13:27:00,17533.9,25-08-2022,140.6,17550,28.53,26.99,25.26,23.93,22.67,21.58,20.48,19.79,19.11,18.6,18.37,18.29,18.32,18.55,18.84,19.67,20.53,21.78,23.16,24.94,26.41,
24-08-2022,13:28:00,17527.45,25-08-2022,140.8,17550,28.39,26.79,25.12,23.8,22.55,21.47,20.43,19.65,19.06,18.54,18.33,18.25,18.42,18.64,18.99,19.82,20.74,22.1,23.59,25.37,26.74,
24-08-2022,13:29:00,17529.6,25-08-2022,140.7,17550,28.42,26.8,25.12,23.9,22.64,21.59,20.48,19.78,19.13,18.61,18.37,18.33,18.39,18.59,18.98,19.81,20.65,21.99,23.45,25.25,26.65,
24-08-2022,13:30:00,17536.65,25-08-2022,139.75,17550,28.75,27.07,25.41,24.04,22.73,21.6,20.51,19.87,19.12,18.62,18.3,18.25,18.33,18.45,18.78,19.61,20.47,21.74,23.27,24.94,26.51,
24-08-2022,13:31:00,17541.65,25-08-2022,137.7,17550,29.03,27.33,25.7,24.35,22.94,21.8,20.66,19.85,18.93,18.28,18.06,18.07,17.96,18.12,18.44,19.19,20.02,21.32,22.87,24.63,26.04,
24-08-2022,13:32:00,17547,25-08-2022,136.35000000000002,17550,29.21,27.48,25.89,24.51,23.12,21.92,20.76,19.78,18.88,18.15,17.88,17.68,17.7,17.97,18.29,19.04,19.89,21.1,22.63,24.41,25.85,
24-08-2022,13:33:00,17541.95,25-08-2022,137,17550,29.07,27.39,25.74,24.47,23.02,21.81,20.66,19.75,18.89,18.24,17.98,17.82,17.94,18.11,18.4,19.2,20.07,21.21,22.72,24.48,26,
24-08-2022,13:34:00,17543.15,25-08-2022,137.3,17550,29.18,27.49,25.87,24.48,23.08,21.88,20.7,19.79,18.95,18.27,18.03,17.9,17.93,18.05,18.36,19.12,19.99,21.15,22.7,24.53,26.04,
24-08-2022,13:35:00,17547,25-08-2022,135.5,17550,29.21,27.49,25.81,24.46,23.02,21.78,20.62,19.64,18.79,18.06,17.78,17.66,17.77,17.85,18.16,18.9,19.77,20.96,22.47,24.3,25.73,
24-08-2022,13:36:00,17549.6,25-08-2022,135.8,17550,29.24,27.53,25.87,24.43,22.96,21.73,20.57,19.64,18.75,18.06,17.82,17.72,17.75,17.81,18.19,18.93,19.76,20.93,22.45,24.3,25.75,
24-08-2022,13:37:00,17550.15,25-08-2022,135.89999999999998,17550,29.34,27.57,25.86,24.41,23,21.76,20.51,19.56,18.73,18.05,17.83,17.71,17.67,17.87,18.19,18.92,19.75,20.9,22.37,24.14,25.58,
24-08-2022,13:38:00,17548.8,25-08-2022,135.75,17550,29.19,27.48,25.76,24.33,22.86,21.62,20.41,19.45,18.61,18.02,17.83,17.7,17.77,17.91,18.23,18.96,19.81,20.96,22.47,24.23,25.74,
24-08-2022,13:39:00,17549.65,25-08-2022,135.5,17550,29.21,27.52,25.82,24.42,22.91,21.66,20.43,19.47,18.62,17.95,17.79,17.67,17.74,17.79,18.13,18.86,19.68,20.85,22.32,24.16,25.69,
24-08-2022,13:40:00,17549.15,25-08-2022,134.55,17550,29.19,27.43,25.84,24.32,22.84,21.6,20.33,19.37,18.48,17.91,17.68,17.56,17.68,17.82,18.13,18.9,19.75,20.91,22.42,24.26,25.7,
24-08-2022,13:41:00,17561.1,25-08-2022,134.5,17550,29.58,27.81,26.06,24.63,23.04,21.64,20.26,19.24,18.39,17.7,17.54,17.48,17.39,17.56,17.89,18.56,19.31,20.4,21.8,23.6,25.15,
24-08-2022,13:42:00,17567.9,25-08-2022,135.7,17550,29.9,28.06,26.33,24.81,23.25,21.83,20.36,19.38,18.42,17.78,17.62,17.47,17.41,17.51,17.83,18.46,19.11,20.15,21.62,23.36,24.92,
24-08-2022,13:43:00,17568.15,25-08-2022,135.45,17550,29.97,28.13,26.39,24.83,23.28,21.9,20.55,19.45,18.49,17.74,17.57,17.44,17.48,17.58,17.84,18.51,19.17,20.2,21.64,23.32,24.88,
24-08-2022,13:44:00,17571,25-08-2022,135.5,17550,30.04,28.27,26.65,25.1,23.44,22.06,20.62,19.49,18.51,17.75,17.56,17.39,17.28,17.4,17.73,18.32,19.06,20.08,21.51,23.33,24.82,
24-08-2022,13:45:00,17578.7,25-08-2022,131.9,17600,28.47,26.81,25.22,23.61,22.19,20.75,19.54,18.54,17.75,17.47,17.28,17.21,17.34,17.58,18.19,18.77,19.79,21.25,22.95,24.43,26.1,
24-08-2022,13:46:00,17571.85,25-08-2022,135,17550,29.99,28.14,26.45,24.95,23.4,22.01,20.59,19.51,18.5,17.76,17.56,17.35,17.35,17.48,17.76,18.35,19.05,20.15,21.55,23.34,24.89,
24-08-2022,13:47:00,17566.05,25-08-2022,134.8,17550,29.78,28.02,26.34,24.78,23.24,21.89,20.58,19.53,18.61,17.91,17.66,17.54,17.51,17.62,17.91,18.6,19.25,20.35,21.88,23.57,24.98,
24-08-2022,13:48:00,17569.2,25-08-2022,135.75,17550,29.88,28.1,26.41,24.91,23.36,21.99,20.63,19.57,18.63,17.97,17.69,17.54,17.54,17.5,17.79,18.37,19.04,20.12,21.48,23.26,24.68,
24-08-2022,13:49:00,17574.85,25-08-2022,135.95,17550,30.07,28.23,26.57,24.96,23.42,22.09,20.7,19.61,18.59,17.92,17.62,17.43,17.39,17.44,17.66,18.28,18.95,19.9,21.3,23.01,24.54,
24-08-2022,13:50:00,17569.2,25-08-2022,135,17550,29.87,28.09,26.4,24.9,23.3,22.01,20.58,19.54,18.56,17.92,17.61,17.44,17.37,17.47,17.79,18.38,19.13,20.1,21.52,23.3,24.72,
24-08-2022,13:51:00,17564.95,25-08-2022,135.25,17550,29.81,28.01,26.3,24.83,23.28,22.04,20.63,19.66,18.67,17.99,17.7,17.52,17.47,17.53,17.75,18.41,19.15,20.17,21.62,23.38,24.88,
24-08-2022,13:52:00,17568.75,25-08-2022,135.85000000000002,17550,30,28.22,26.53,25.03,23.44,22.15,20.71,19.63,18.63,18.01,17.7,17.56,17.48,17.52,17.76,18.35,18.98,20,21.43,23.21,24.64,
24-08-2022,13:53:00,17566.05,25-08-2022,136.55,17550,29.99,28.19,26.49,25.07,23.53,22.19,20.9,19.84,18.79,18.11,17.83,17.65,17.59,17.58,17.82,18.42,19.1,20.01,21.47,23.31,24.64,
24-08-2022,13:54:00,17569,25-08-2022,135.85,17550,30.15,28.42,26.64,25.07,23.51,22.11,20.75,19.68,18.68,18.02,17.72,17.54,17.42,17.46,17.71,18.3,18.97,19.98,21.53,23.4,24.86,
24-08-2022,13:55:00,17559.65,25-08-2022,136.15,17550,29.98,28.26,26.44,24.95,23.38,22.04,20.68,19.67,18.71,18.13,17.89,17.72,17.65,17.81,18.06,18.65,19.37,20.43,22.03,23.81,25.26,
24-08-2022,13:56:00,17560.3,25-08-2022,135.8,17550,29.92,28.17,26.37,24.87,23.3,22,20.68,19.67,18.67,18.17,17.83,17.69,17.55,17.67,17.92,18.55,19.23,20.29,21.88,23.74,25.28,
24-08-2022,13:57:00,17551.95,25-08-2022,134.2,17550,29.45,27.77,26.01,24.58,23.03,21.76,20.45,19.47,18.64,18.05,17.74,17.63,17.59,17.82,18.16,18.86,19.6,20.87,22.53,24.36,25.86,
24-08-2022,13:58:00,17557.5,25-08-2022,132.55,17550,29.47,27.73,25.99,24.57,23.02,21.79,20.42,19.46,18.52,17.8,17.48,17.5,17.52,17.56,17.87,18.62,19.44,20.59,22.15,23.99,25.51,
24-08-2022,13:59:00,17551.1,25-08-2022,134.14999999999998,17550,29.44,27.65,25.99,24.55,22.97,21.72,20.39,19.41,18.51,17.97,17.74,17.61,17.58,17.76,18.13,18.83,19.67,20.82,22.43,24.34,25.77,
24-08-2022,14:00:00,17558.05,25-08-2022,134.5,17550,29.67,27.91,26.17,24.66,23.04,21.78,20.48,19.39,18.53,17.96,17.73,17.55,17.6,17.7,18.03,18.73,19.47,20.61,22.13,23.99,25.43,
24-08-2022,14:01:00,17560.9,25-08-2022,132.95,17550,30.1,28.22,26.39,24.8,23.1,21.78,20.37,19.22,18.28,17.59,17.42,17.31,17.3,17.44,17.75,18.44,19.12,20.27,21.78,23.5,25.13,
24-08-2022,14:02:00,17577.45,25-08-2022,130.75,17600,28.96,27.12,25.49,23.75,22.29,20.76,19.58,18.52,17.8,17.44,17.26,17.17,17.17,17.35,17.94,18.56,19.67,21.1,22.89,24.32,25.9,
24-08-2022,14:03:00,17575.1,25-08-2022,129.8,17600,28.94,27.22,25.52,23.86,22.48,20.94,19.71,18.58,17.77,17.4,17.14,17.08,17.04,17.22,17.84,18.44,19.55,21,22.84,24.35,25.92,
24-08-2022,14:04:00,17572.2,25-08-2022,135.6,17550,30.86,28.93,27.07,25.53,23.84,22.44,20.94,19.72,18.64,17.81,17.46,17.27,17.12,17.16,17.33,17.97,18.64,19.65,21.17,22.94,24.44,
24-08-2022,14:05:00,17576.9,25-08-2022,130.7,17600,29.07,27.23,25.61,23.91,22.48,20.98,19.7,18.64,17.93,17.5,17.28,17.06,17.1,17.24,17.85,18.44,19.49,20.91,22.75,24.17,25.84,
24-08-2022,14:06:00,17572.6,25-08-2022,135.6,17550,30.74,28.81,27.01,25.45,23.83,22.39,20.93,19.8,18.68,17.92,17.55,17.27,17.13,17.18,17.33,17.99,18.69,19.71,21.2,23.02,24.5,
24-08-2022,14:07:00,17574.7,25-08-2022,137.10000000000002,17550,30.83,28.92,27.21,25.62,23.94,22.55,21.04,19.84,18.79,18.01,17.62,17.31,17.11,17.09,17.25,17.85,18.46,19.51,20.96,22.79,24.37,
24-08-2022,14:08:00,17568.6,25-08-2022,134.65,17550,30.55,28.75,26.98,25.34,23.73,22.34,20.81,19.7,18.66,17.9,17.53,17.27,17.19,17.2,17.41,18.13,18.83,19.95,21.49,23.39,24.9,
24-08-2022,14:09:00,17568.55,25-08-2022,134.55,17550,30.41,28.62,26.85,25.21,23.61,22.23,20.79,19.66,18.61,17.89,17.56,17.31,17.14,17.24,17.5,18.2,18.93,20.04,21.58,23.4,24.98,
24-08-2022,14:10:00,17560.35,25-08-2022,133.65,17550,30.22,28.39,26.66,25.11,23.52,22.21,20.76,19.65,18.69,17.91,17.57,17.38,17.29,17.35,17.57,18.34,19.06,20.27,21.89,23.69,25.24,
24-08-2022,14:11:00,17560.95,25-08-2022,134.45,17550,30.14,28.33,26.6,25.02,23.4,22.17,20.68,19.6,18.6,17.93,17.69,17.49,17.4,17.49,17.7,18.45,19.2,20.34,21.83,23.78,25.26,
24-08-2022,14:12:00,17564.7,25-08-2022,134.10000000000002,17550,30.11,28.32,26.5,24.96,23.34,22.03,20.58,19.47,18.46,17.87,17.61,17.44,17.31,17.41,17.64,18.34,19.07,20.28,21.79,23.75,25.25,
24-08-2022,14:13:00,17566.85,25-08-2022,134.5,17550,30.41,28.54,26.72,25.2,23.5,22.13,20.65,19.55,18.56,17.85,17.59,17.4,17.32,17.33,17.5,18.23,18.96,20.11,21.65,23.55,25.15,
24-08-2022,14:14:00,17560.25,25-08-2022,133.45,17550,30.16,28.18,26.45,24.9,23.3,22.01,20.57,19.55,18.61,17.88,17.62,17.5,17.42,17.47,17.73,18.5,19.25,20.43,22.03,24.05,25.63,
24-08-2022,14:15:00,17561.15,25-08-2022,132.5,17550,30.1,28.23,26.46,24.85,23.22,21.87,20.42,19.29,18.34,17.67,17.45,17.35,17.35,17.45,17.73,18.44,19.19,20.37,21.93,23.89,25.48,
24-08-2022,14:16:00,17562.5,25-08-2022,132.55,17550,30.08,28.19,26.35,24.79,23.22,21.9,20.48,19.36,18.38,17.71,17.5,17.3,17.25,17.43,17.64,18.34,19.19,20.44,22.12,24.01,25.68,
24-08-2022,14:17:00,17572.65,25-08-2022,132.8,17550,30.67,28.61,26.78,25.11,23.51,22.1,20.62,19.34,18.31,17.68,17.24,17.12,16.89,17.01,17.21,17.85,18.63,19.86,21.49,23.43,25.06,
24-08-2022,14:18:00,17572.75,25-08-2022,132.55,17550,30.46,28.46,26.61,24.97,23.34,21.93,20.49,19.28,18.28,17.62,17.32,17.16,17.05,17.08,17.33,17.95,18.78,20.01,21.67,23.66,25.29,
24-08-2022,14:19:00,17568.6,25-08-2022,132.95,17550,30.44,28.51,26.65,25,23.36,21.97,20.49,19.38,18.34,17.7,17.39,17.19,17.1,17.19,17.35,18.05,18.86,20.1,21.64,23.7,25.32,
24-08-2022,14:20:00,17569.2,25-08-2022,132.35,17550,30.48,28.55,26.63,25.04,23.4,22.01,20.56,19.38,18.33,17.63,17.31,17.08,16.96,17.02,17.29,17.9,18.71,20.02,21.62,23.6,25.13,
24-08-2022,14:21:00,17570.45,25-08-2022,132.55,17550,30.46,28.53,26.61,25.02,23.38,21.99,20.53,19.4,18.29,17.63,17.35,17.12,17,17.09,17.26,18,18.79,20.05,21.65,23.56,25.25,
24-08-2022,14:22:00,17571.6,25-08-2022,132.8,17550,30.41,28.56,26.7,25.05,23.45,22.02,20.56,19.39,18.38,17.75,17.38,17.21,16.98,17.17,17.34,18.04,18.81,20.1,21.71,23.63,25.24,
24-08-2022,14:23:00,17566.45,25-08-2022,132.55,17550,30.22,28.35,26.47,24.85,23.26,21.91,20.47,19.34,18.38,17.77,17.47,17.22,17.15,17.32,17.54,18.25,19.1,20.46,22.01,23.92,25.52,
24-08-2022,14:24:00,17568.15,25-08-2022,132.05,17550,30.4,28.41,26.57,24.93,23.3,21.9,20.4,19.27,18.26,17.6,17.3,17.1,17.06,17.19,17.43,18.12,18.9,20.14,21.68,23.59,25.19,
24-08-2022,14:25:00,17558.95,25-08-2022,130.8,17550,29.9,28.02,26.24,24.73,23.15,21.82,20.4,19.17,18.23,17.61,17.35,17.21,17.27,17.51,17.79,18.61,19.43,20.79,22.38,24.2,25.87,
24-08-2022,14:26:00,17562.05,25-08-2022,131.7,17550,30.05,28.24,26.4,24.8,23.24,21.87,20.39,19.31,18.36,17.84,17.44,17.35,17.32,17.48,17.69,18.5,19.32,20.7,22.17,23.99,25.75,
24-08-2022,14:27:00,17570.25,25-08-2022,131.45,17550,30.53,28.45,26.61,25.02,23.34,21.94,20.41,19.27,18.23,17.54,17.23,17.05,16.92,17.17,17.38,18.06,18.9,20.2,21.76,23.6,25.21,
24-08-2022,14:28:00,17566.9,25-08-2022,131.2,17550,30.29,28.29,26.37,24.89,23.24,21.87,20.36,19.31,18.34,17.63,17.28,17.08,17.06,17.15,17.39,18.1,18.98,20.28,21.81,23.71,25.38,
24-08-2022,14:29:00,17571.2,25-08-2022,131.85,17550,30.46,28.48,26.59,25.05,23.36,21.93,20.4,19.26,18.26,17.54,17.23,17.01,16.91,16.99,17.2,17.9,18.74,19.99,21.48,23.47,24.99,
24-08-2022,14:30:00,17569.65,25-08-2022,131.6,17550,30.33,28.35,26.52,25.01,23.38,22.01,20.48,19.33,18.32,17.67,17.27,17.01,16.98,17.08,17.31,18.03,18.86,20.2,21.7,23.62,25.13,
24-08-2022,14:31:00,17578.25,25-08-2022,126.25,17600,28.83,26.9,25.39,23.6,22.24,20.7,19.47,18.32,17.49,17.16,16.82,16.7,16.92,17.1,17.66,18.4,19.63,21.15,23.09,24.71,26.43,
24-08-2022,14:32:00,17576.05,25-08-2022,128.15,17600,28.74,26.92,25.32,23.68,22.29,20.81,19.6,18.56,17.83,17.43,17.06,16.9,16.97,17.19,17.77,18.53,19.82,21.27,23.19,24.79,26.6,
24-08-2022,14:33:00,17575.35,25-08-2022,128.55,17600,28.71,26.9,25.29,23.61,22.23,20.74,19.52,18.47,17.81,17.41,17.12,17.01,17.07,17.24,17.91,18.66,19.86,21.38,23.23,24.92,26.74,
24-08-2022,14:34:00,17572.65,25-08-2022,132.9,17550,30.47,28.5,26.62,25.03,23.45,22.12,20.61,19.49,18.51,17.75,17.38,17.11,16.99,17.06,17.25,17.93,18.76,20.03,21.47,23.39,24.98,
24-08-2022,14:35:00,17565.95,25-08-2022,131.8,17550,30.24,28.18,26.36,24.85,23.3,21.87,20.46,19.3,18.34,17.81,17.38,17.24,17.01,17.26,17.55,18.27,19.1,20.34,21.88,23.8,25.31,
24-08-2022,14:36:00,17564.8,25-08-2022,132.15,17550,29.99,28.01,26.17,24.71,23.1,21.75,20.34,19.28,18.32,17.77,17.5,17.35,17.36,17.43,17.68,18.45,19.24,20.49,22.08,23.91,25.58,
24-08-2022,14:37:00,17569.5,25-08-2022,132.15,17550,30.34,28.37,26.61,25.1,23.42,21.99,20.5,19.39,18.37,17.63,17.37,17.17,17.18,17.26,17.5,18.19,19,20.22,21.72,23.72,25.25,
24-08-2022,14:38:00,17571.75,25-08-2022,131.6,17550,30.39,28.5,26.75,25.19,23.44,22.04,20.54,19.35,18.3,17.55,17.24,17.01,17,17.09,17.32,18.03,18.82,20.04,21.67,23.6,25.14,
24-08-2022,14:39:00,17573.55,25-08-2022,131.5,17550,30.49,28.53,26.72,25.19,23.46,22.01,20.45,19.26,18.26,17.5,17.19,16.96,16.95,17,17.22,17.96,18.77,20.01,21.59,23.45,25.07,
24-08-2022,14:40:00,17573.75,25-08-2022,131.85,17550,30.64,28.6,26.86,25.31,23.58,22.12,20.54,19.35,18.36,17.53,17.21,16.99,16.96,16.93,17.16,17.91,18.66,19.95,21.4,23.4,25.02,
24-08-2022,14:41:00,17573.65,25-08-2022,131.85,17550,30.42,28.47,26.67,25.2,23.52,22.09,20.49,19.29,18.27,17.6,17.25,16.99,16.97,17.01,17.24,18,18.7,19.92,21.41,23.47,25.08,
24-08-2022,14:42:00,17574.85,25-08-2022,131.55,17550,30.37,28.36,26.53,25,23.43,22.02,20.47,19.2,18.22,17.46,17.15,16.94,16.89,16.94,17.19,17.92,18.66,19.85,21.36,23.36,24.98,
24-08-2022,14:43:00,17571.25,25-08-2022,130.35,17550,30.08,27.97,26.2,24.69,23.16,21.8,20.28,19.16,18.21,17.53,17.19,16.95,16.93,17.08,17.35,18.11,18.92,20.24,21.78,23.69,25.47,
24-08-2022,14:44:00,17564.5,25-08-2022,129.39999999999998,17550,29.79,27.82,26.06,24.54,23.02,21.67,20.12,19,18.12,17.49,17.22,17.05,17.05,17.22,17.61,18.4,19.29,20.61,22.12,24.17,25.76,
24-08-2022,14:45:00,17568.45,25-08-2022,130.15,17550,30.07,28.02,26.21,24.71,23.13,21.71,20.22,19.06,18.14,17.48,17.26,17.1,17.09,17.25,17.55,18.35,19.12,20.41,21.93,23.98,25.59,
24-08-2022,14:46:00,17578.75,25-08-2022,127.2,17600,28.68,26.78,25.2,23.51,22.08,20.49,19.28,18.29,17.63,17.25,17.04,16.93,16.97,17.14,17.84,18.52,19.71,21.24,23.26,24.9,26.65,
24-08-2022,14:47:00,17575.95,25-08-2022,128.05,17600,28.43,26.51,24.96,23.32,21.93,20.45,19.25,18.33,17.67,17.34,17.11,17.07,17.13,17.37,18.06,18.84,20.08,21.6,23.61,25.24,27.08,
24-08-2022,14:48:00,17574.95,25-08-2022,132.05,17550,30.37,28.34,26.49,24.94,23.34,21.95,20.4,19.2,18.24,17.69,17.34,17.15,17.08,17.18,17.41,18.07,18.84,20.01,21.57,23.57,25.19,
24-08-2022,14:49:00,17578.65,25-08-2022,128.2,17600,28.65,26.66,25.13,23.51,22.04,20.48,19.29,18.4,17.8,17.39,17.17,17.08,17.02,17.2,17.91,18.62,19.83,21.35,23.35,25.07,26.71,
24-08-2022,14:50:00,17586.35,25-08-2022,126,17600,29.12,27.15,25.55,23.74,22.23,20.59,19.32,18.32,17.57,17.18,16.91,16.86,16.72,16.97,17.63,18.31,19.46,20.93,22.82,24.47,26.41,
24-08-2022,14:51:00,17586.45,25-08-2022,125.6,17600,29,27.03,25.53,23.75,22.28,20.56,19.32,18.26,17.39,17.13,16.87,16.79,16.81,17,17.66,18.35,19.45,21,23.1,24.69,26.54,
24-08-2022,14:52:00,17585.75,25-08-2022,125.1,17600,28.79,26.82,25.31,23.61,22.15,20.48,19.2,18.16,17.36,17.05,16.8,16.74,16.83,17.1,17.81,18.57,19.74,21.3,23.33,24.99,26.85,
24-08-2022,14:53:00,17584.25,25-08-2022,126.65,17600,28.77,26.86,25.32,23.64,22.06,20.44,19.13,18.17,17.51,17.25,17,16.94,16.87,17.18,17.9,18.67,19.92,21.48,23.44,25.19,26.96,
24-08-2022,14:54:00,17586.1,25-08-2022,125.9,17600,28.97,26.98,25.38,23.58,22.08,20.37,19.07,18.08,17.33,17.13,16.91,16.86,16.89,17.13,17.91,18.66,19.91,21.44,23.49,25.09,26.87,
24-08-2022,14:55:00,17588.9,25-08-2022,126,17600,29.04,27.19,25.6,23.7,22.18,20.46,19.19,18.18,17.37,17.17,16.94,16.79,16.8,17.06,17.76,18.54,19.71,21.3,23.35,25.05,26.93,
24-08-2022,14:56:00,17590.85,25-08-2022,125.6,17600,29.2,27.2,25.49,23.65,22.1,20.4,19.14,18.02,17.26,17.07,16.89,16.73,16.71,16.94,17.66,18.4,19.67,21.25,23.37,25.06,26.95,
24-08-2022,14:57:00,17584.25,25-08-2022,125.55,17600,28.68,26.77,25.13,23.38,21.95,20.25,19.04,17.99,17.27,17.08,16.87,16.77,16.82,17.06,17.85,18.63,19.9,21.5,23.6,25.19,27.05,
24-08-2022,14:58:00,17581.25,25-08-2022,125.5,17600,28.53,26.53,24.93,23.21,21.75,20.13,18.89,17.88,17.28,17.01,16.83,16.75,16.75,17.1,17.9,18.72,20.01,21.69,23.7,25.43,27.38,
24-08-2022,14:59:00,17584.45,25-08-2022,124.35,17600,28.7,26.73,25.17,23.29,21.83,20.14,18.86,17.86,17.06,16.92,16.73,16.65,16.64,16.96,17.73,18.52,19.78,21.3,23.39,25.04,26.9,
24-08-2022,15:00:00,17582.65,25-08-2022,126.35000000000001,17600,28.37,26.39,24.82,23.16,21.74,20.15,18.92,17.97,17.34,17.14,16.95,16.89,16.87,17.08,17.94,18.79,20.15,21.66,23.74,25.38,27.13,
24-08-2022,15:01:00,17586.3,25-08-2022,124.89999999999999,17600,28.6,26.56,24.96,23.25,21.79,20.16,18.88,17.88,17.22,17.05,16.81,16.75,16.77,17.04,17.8,18.62,19.79,21.36,23.3,25.02,26.86,
24-08-2022,15:02:00,17590.25,25-08-2022,123.95,17600,28.78,26.68,25.1,23.31,21.77,20.07,18.84,17.85,17.15,16.93,16.7,16.62,16.59,16.82,17.52,18.38,19.54,21.05,23.06,24.67,26.39,
24-08-2022,15:03:00,17595.65,25-08-2022,122.2,17600,28.93,26.94,25.28,23.44,21.94,20.23,18.83,17.76,17,16.7,16.47,16.38,16.46,16.63,17.3,18.05,19.19,20.73,22.75,24.4,26.14,
24-08-2022,15:04:00,17593.85,25-08-2022,122.44999999999999,17600,28.76,26.67,25.06,23.2,21.72,20.03,18.73,17.68,16.99,16.73,16.52,16.44,16.49,16.75,17.47,18.22,19.38,20.82,22.96,24.76,26.51,
24-08-2022,15:05:00,17594.7,25-08-2022,121.85,17600,28.81,26.8,25.18,23.37,21.82,20.1,18.75,17.7,16.95,16.7,16.44,16.38,16.42,16.68,17.44,18.17,19.33,20.84,22.92,24.63,26.27,
24-08-2022,15:06:00,17594.35,25-08-2022,122.35,17600,28.84,26.9,25.27,23.44,21.85,20.16,18.7,17.71,17.06,16.84,16.51,16.42,16.49,16.69,17.48,18.2,19.38,20.97,22.91,24.53,26.26,
24-08-2022,15:07:00,17596.45,25-08-2022,121.65,17600,28.83,26.97,25.28,23.52,21.93,20.21,18.76,17.68,16.96,16.72,16.43,16.39,16.45,16.62,17.38,18.13,19.26,20.71,22.86,24.48,26.21,
24-08-2022,15:08:00,17597.5,25-08-2022,120.75,17600,29.02,27.07,25.49,23.6,22,20.24,18.77,17.55,16.79,16.52,16.31,16.15,16.25,16.51,17.3,18.03,19.2,20.63,22.69,24.38,26.2,
24-08-2022,15:09:00,17607,25-08-2022,119.80000000000001,17600,29.7,27.7,26.1,24.2,22.5,20.67,19.11,17.76,16.82,16.39,16.1,16.02,16.21,16.16,16.85,17.5,18.51,19.94,21.94,23.64,25.57,
24-08-2022,15:10:00,17614,25-08-2022,122,17600,30.05,28.05,26.4,24.58,22.81,21.05,19.48,18.08,17.07,16.59,16.31,16.27,16.3,16.3,16.91,17.5,18.5,19.85,21.83,23.41,25.05,
24-08-2022,15:11:00,17619.3,25-08-2022,120.85,17600,30.35,28.3,26.68,24.9,23.17,21.38,19.69,18.2,17.06,16.38,16.01,16.01,15.94,16,16.6,17.14,18.08,19.39,21.45,23.04,24.8,
24-08-2022,15:12:00,17620.25,25-08-2022,119.9,17600,30.41,28.42,26.78,24.97,23.18,21.38,19.68,18.15,17.03,16.39,15.9,15.77,15.8,15.87,16.49,17.09,17.93,19.31,21.27,22.91,24.74,
24-08-2022,15:13:00,17617.35,25-08-2022,120.69999999999999,17600,30.52,28.43,26.84,25.06,23.37,21.63,19.98,18.46,17.35,16.56,16.04,15.9,15.92,15.92,16.64,17.25,18.16,19.46,21.43,23.08,24.81,
24-08-2022,15:14:00,17618.1,25-08-2022,120.75,17600,30.36,28.38,26.75,24.95,23.3,21.56,19.95,18.51,17.42,16.59,16.02,15.84,15.87,15.86,16.48,17.12,18.02,19.25,21.35,23,24.64,
24-08-2022,15:15:00,17613.7,25-08-2022,120.65,17600,29.98,28.09,26.53,24.83,23.23,21.59,20.04,18.62,17.52,16.79,16.1,16.06,15.97,16.15,16.72,17.32,18.23,19.41,21.43,23.13,24.85,
24-08-2022,15:16:00,17612.4,25-08-2022,120.69999999999999,17600,29.95,28.07,26.39,24.83,23.2,21.57,20.1,18.59,17.49,16.69,16.1,15.96,15.99,16.05,16.62,17.24,18.19,19.38,21.4,23.1,24.72,
24-08-2022,15:17:00,17611.2,25-08-2022,120.25,17600,29.86,27.73,26.2,24.52,22.94,21.31,19.77,18.39,17.39,16.64,16.11,15.92,15.98,16.04,16.62,17.23,18.15,19.31,21.44,23.2,24.57,
24-08-2022,15:18:00,17608.5,25-08-2022,120.85000000000001,17600,29.86,27.82,26.27,24.58,22.9,21.28,19.74,18.37,17.41,16.66,16.2,16.06,16.02,16.11,16.66,17.2,18.11,19.32,21.37,23.02,24.81,
24-08-2022,15:19:00,17608.9,25-08-2022,119.85,17600,29.69,27.65,26.11,24.42,22.84,21.13,19.59,18.27,17.35,16.65,16.1,15.99,16.06,16.08,16.57,17.14,18.12,19.36,21.39,23.03,24.68,
24-08-2022,15:20:00,17601,25-08-2022,119.85,17600,29.49,27.5,25.97,24.28,22.58,20.91,19.39,18.11,17.3,16.64,16.2,16.06,16.09,16.24,16.82,17.44,18.32,19.53,21.7,23.3,25.05,
24-08-2022,15:21:00,17606.1,25-08-2022,121.35000000000001,17600,29.64,27.68,26.06,24.42,22.78,21.1,19.69,18.43,17.57,16.87,16.34,16.14,16.08,16.05,16.62,17.04,17.93,19.22,21.39,22.91,24.88,
24-08-2022,15:22:00,17605.65,25-08-2022,120.25,17600,29.41,27.3,25.8,24.14,22.53,20.94,19.48,18.26,17.47,16.78,16.21,16.06,16.04,16.03,16.58,17.05,17.9,19.3,21.3,22.88,24.72,
24-08-2022,15:23:00,17604.25,25-08-2022,122.2,17600,29.45,27.49,25.94,24.24,22.73,21.12,19.8,18.58,17.73,17.03,16.5,16.35,16.27,16.21,16.7,17.13,17.86,19.06,21.19,22.74,24.54,
24-08-2022,15:24:00,17607.3,25-08-2022,121.15,17600,29.7,27.82,26.27,24.52,22.98,21.36,20.08,18.84,17.89,17.02,16.3,16.08,16.1,16.09,16.66,17.11,17.83,19.05,21.13,22.62,24.57,
24-08-2022,15:25:00,17609.85,25-08-2022,122.45,17600,29.3,27.23,25.9,24.2,22.93,21.35,20.11,19.04,18.1,17.18,16.49,16.3,16.25,16.23,16.68,16.98,17.77,18.95,21.01,22.56,24.62,
24-08-2022,15:26:00,17609.15,25-08-2022,121.05000000000001,17600,29.5,27.48,26.04,24.38,23.03,21.36,20.14,19.03,18.04,17.01,16.31,16.11,16.1,16,16.45,16.79,17.6,18.88,20.93,22.57,24.39,
24-08-2022,15:27:00,17606.85,25-08-2022,121.35,17600,29.36,27.58,26.05,24.37,22.96,21.36,20.04,18.85,17.94,17.01,16.37,16.2,16.18,16.18,16.62,16.99,17.62,18.87,21,22.64,24.33,
24-08-2022,15:28:00,17600.75,25-08-2022,119.2,17600,28.28,26.46,25.1,23.47,21.9,20.32,18.75,17.68,16.96,16.48,16.21,16.4,16.54,16.69,17.19,17.61,18.34,19.44,21.53,23.22,25.01,
24-08-2022,15:29:00,17607.55,25-08-2022,125.95,17600,28.9,26.3,25.15,23.04,21.74,20.24,18.95,17.91,16.99,17.12,17.12,17.31,17.18,16.97,17.24,17.64,18.12,19.77,21.19,22.97,24.74,
